1196	Craft	Salvage		0			
1197	Craft			0			
1197	Craft	Salvage		0			
1195	Craft	Salvage		0			
253	Craft	Salvage		0			
253	RepairTargetItem	Repair		0			2ac5ddc545a848008c0308d21f5d2e6b
1511	Craft	Salvage		0			
1511	RepairTargetItem	Repair		0			2ac5ddc545a848008c0308d21f5d2e6b
200	Craft	Salvage		0			
200	RepairTargetItem	Repair		0			2ac5ddc545a848008c0308d21f5d2e6b
201	Craft	Salvage		0			
201	RepairTargetItem	Repair		0			2ac5ddc545a848008c0308d21f5d2e6b
201	Craft			0	c387f10875af49cda3afdfe0985b2767:1:1		8e86b740dafc46f7bf98c5040c9b223e
202	Craft	Salvage		0			
202	RepairTargetItem	Repair		0			2ac5ddc545a848008c0308d21f5d2e6b
202	Craft			0	c387f10875af49cda3afdfe0985b2767:1:1		8e86b740dafc46f7bf98c5040c9b223e
203	Craft	Salvage		0			
203	RepairTargetItem	Repair		0			2ac5ddc545a848008c0308d21f5d2e6b
203	Craft			0	c387f10875af49cda3afdfe0985b2767:1:1		8e86b740dafc46f7bf98c5040c9b223e
204	Craft	Salvage		0			
204	RepairTargetItem	Repair		0			2ac5ddc545a848008c0308d21f5d2e6b
204	Craft			0	c387f10875af49cda3afdfe0985b2767:1:1		8e86b740dafc46f7bf98c5040c9b223e
9	Craft	Salvage		0			
9	RepairTargetItem	Repair		0			2ac5ddc545a848008c0308d21f5d2e6b
9	Craft			0	c387f10875af49cda3afdfe0985b2767:1:1		8e86b740dafc46f7bf98c5040c9b223e
205	Craft	Salvage		0			
205	RepairTargetItem	Repair		0			2ac5ddc545a848008c0308d21f5d2e6b
206	Craft	Salvage		0			
206	RepairTargetItem	Repair		0			2ac5ddc545a848008c0308d21f5d2e6b
206	Craft			0	c387f10875af49cda3afdfe0985b2767:1:1		8e86b740dafc46f7bf98c5040c9b223e
1178	Craft	Salvage		0			
1178	RepairTargetItem	Repair		0			2ac5ddc545a848008c0308d21f5d2e6b
1182	Craft	Salvage		0			
1182	RepairTargetItem	Repair		0			2ac5ddc545a848008c0308d21f5d2e6b
1183	Craft	Salvage		0			
1183	RepairTargetItem	Repair		0			2ac5ddc545a848008c0308d21f5d2e6b
1183	Craft			0	ebad30019a5e4bb790e6e7a7e28f0262:1:1		8e86b740dafc46f7bf98c5040c9b223e
1184	Craft	Salvage		0			
1184	RepairTargetItem	Repair		0			2ac5ddc545a848008c0308d21f5d2e6b
1184	Craft			0	ebad30019a5e4bb790e6e7a7e28f0262:1:1		8e86b740dafc46f7bf98c5040c9b223e
1185	Craft	Salvage		0			
1185	RepairTargetItem	Repair		0			2ac5ddc545a848008c0308d21f5d2e6b
1185	Craft			0	ebad30019a5e4bb790e6e7a7e28f0262:1:1		8e86b740dafc46f7bf98c5040c9b223e
1186	Craft	Salvage		0			
1186	RepairTargetItem	Repair		0			2ac5ddc545a848008c0308d21f5d2e6b
1186	Craft			0	ebad30019a5e4bb790e6e7a7e28f0262:1:1		8e86b740dafc46f7bf98c5040c9b223e
1187	Craft	Salvage		0			
1187	RepairTargetItem	Repair		0			2ac5ddc545a848008c0308d21f5d2e6b
1187	Craft			0	ebad30019a5e4bb790e6e7a7e28f0262:1:1		8e86b740dafc46f7bf98c5040c9b223e
1188	Craft	Salvage		0			
1188	RepairTargetItem	Repair		0			2ac5ddc545a848008c0308d21f5d2e6b
1189	Craft	Salvage		0			
1189	RepairTargetItem	Repair		0			2ac5ddc545a848008c0308d21f5d2e6b
1189	Craft			0	ebad30019a5e4bb790e6e7a7e28f0262:1:1		8e86b740dafc46f7bf98c5040c9b223e
1014	Craft			0			2ac5ddc545a848008c0308d21f5d2e6b
1014	RepairTargetItem	Repair		0			2ac5ddc545a848008c0308d21f5d2e6b
1014	Craft	Salvage		0			
1170	Craft	Salvage		0			
1170	RepairTargetItem	Repair		0			2ac5ddc545a848008c0308d21f5d2e6b
245	Craft	Salvage		0			
245	RepairTargetItem	Repair		0			2ac5ddc545a848008c0308d21f5d2e6b
246	Craft	Salvage		0			
246	RepairTargetItem	Repair		0			2ac5ddc545a848008c0308d21f5d2e6b
246	Craft			0	52bd14bdab8647e89201cf9c5e46dd5a:1:1		8e86b740dafc46f7bf98c5040c9b223e
247	Craft	Salvage		0			
247	RepairTargetItem	Repair		0			2ac5ddc545a848008c0308d21f5d2e6b
247	Craft			0	52bd14bdab8647e89201cf9c5e46dd5a:1:1		8e86b740dafc46f7bf98c5040c9b223e
248	Craft	Salvage		0			
248	RepairTargetItem	Repair		0			2ac5ddc545a848008c0308d21f5d2e6b
248	Craft			0	52bd14bdab8647e89201cf9c5e46dd5a:1:1		8e86b740dafc46f7bf98c5040c9b223e
249	Craft	Salvage		0			
249	RepairTargetItem	Repair		0			2ac5ddc545a848008c0308d21f5d2e6b
249	Craft			0	52bd14bdab8647e89201cf9c5e46dd5a:1:1		8e86b740dafc46f7bf98c5040c9b223e
250	Craft	Salvage		0			
250	RepairTargetItem	Repair		0			2ac5ddc545a848008c0308d21f5d2e6b
250	Craft			0	52bd14bdab8647e89201cf9c5e46dd5a:1:1		8e86b740dafc46f7bf98c5040c9b223e
251	Craft	Salvage		0			
251	RepairTargetItem	Repair		0			2ac5ddc545a848008c0308d21f5d2e6b
252	Craft	Salvage		0			
252	RepairTargetItem	Repair		0			2ac5ddc545a848008c0308d21f5d2e6b
252	Craft			0	52bd14bdab8647e89201cf9c5e46dd5a:1:1		8e86b740dafc46f7bf98c5040c9b223e
477	Craft		Craft	1	c0b0f4a9f46c49a59f4558210bf36da5:2:1|8c25cf28c76a4634855f404c8972c0ae:1:1|5830b84bf8074caa91cf3f4dde0dd19e:1:0		
477	RepairTargetItem	Repair	Repair	1	c0b0f4a9f46c49a59f4558210bf36da5:1:1|8c25cf28c76a4634855f404c8972c0ae:1:1|5830b84bf8074caa91cf3f4dde0dd19e:1:0		7b82c125a5a54984b8bb26576b59e977
477	Craft	Salvage		0			
149	Craft	Salvage		0			
150	RepairTargetItem	Repair	Repair	2	21ede8ebffb14c5580e8c7ad149e335e:4:1|5830b84bf8074caa91cf3f4dde0dd19e:1:0		7b82c125a5a54984b8bb26576b59e977
150	Craft	Salvage		0			
7	RepairTargetItem	Repair	Repair	2	21ede8ebffb14c5580e8c7ad149e335e:4:1|5830b84bf8074caa91cf3f4dde0dd19e:1:0		7b82c125a5a54984b8bb26576b59e977
7	Craft	Salvage		0			
1191	Craft	Salvage		0			
1190	RepairTargetItem	Repair	Repair	1	21ede8ebffb14c5580e8c7ad149e335e:3:1|5830b84bf8074caa91cf3f4dde0dd19e:1:0		7b82c125a5a54984b8bb26576b59e977
1190	Craft	Salvage		0			
144	RepairTargetItem	Repair	Repair	1	21ede8ebffb14c5580e8c7ad149e335e:3:1|5830b84bf8074caa91cf3f4dde0dd19e:1:0		7b82c125a5a54984b8bb26576b59e977
144	Craft	Salvage		0			
386	Craft			0			
386	Craft	Salvage		0			
1208	Craft			0			
45	Craft			0			
30	Craft			0			
46	Craft			0			
1296	Craft			0			
1315	Craft			0	b16e02715819464ebd3a810543e760a9:1:1		8e86b740dafc46f7bf98c5040c9b223e
1316	Craft			0	b16e02715819464ebd3a810543e760a9:1:1		8e86b740dafc46f7bf98c5040c9b223e
1317	Craft			0	b16e02715819464ebd3a810543e760a9:1:1		8e86b740dafc46f7bf98c5040c9b223e
1318	Craft			0	b16e02715819464ebd3a810543e760a9:1:1		8e86b740dafc46f7bf98c5040c9b223e
1319	Craft			0	b16e02715819464ebd3a810543e760a9:1:1		8e86b740dafc46f7bf98c5040c9b223e
1320	Craft			0	b16e02715819464ebd3a810543e760a9:1:1		8e86b740dafc46f7bf98c5040c9b223e
1194	Craft		Craft	3	7f06b16642724683bd61584a52fde981:6:1|656f319d2d194813b390edc6edd8a697:6:1|8ce5c560166545499432d6e01ce399cc:2:1|7aee55ea2abf4f3fb70c4b2677da0e14:2:1|8d80a12a6f564850ab2478927648dd7a:1:1|5830b84bf8074caa91cf3f4dde0dd19e:1:0		
289	Craft			0	cbc5d88aa8524d37b4bde233fa21f030:1:1		8e86b740dafc46f7bf98c5040c9b223e
290	Craft			0	cbc5d88aa8524d37b4bde233fa21f030:1:1		8e86b740dafc46f7bf98c5040c9b223e
291	Craft			0	cbc5d88aa8524d37b4bde233fa21f030:1:1		8e86b740dafc46f7bf98c5040c9b223e
292	Craft			0	cbc5d88aa8524d37b4bde233fa21f030:1:1		8e86b740dafc46f7bf98c5040c9b223e
293	Craft			0	cbc5d88aa8524d37b4bde233fa21f030:1:1		8e86b740dafc46f7bf98c5040c9b223e
294	Craft			0			
295	Craft			0	cbc5d88aa8524d37b4bde233fa21f030:1:1		8e86b740dafc46f7bf98c5040c9b223e
1327	Craft			0			
1222	Craft		Craft	3	ebb61f2e64f24351a6ab905b5516060b:3:1|656f319d2d194813b390edc6edd8a697:4:1|5830b84bf8074caa91cf3f4dde0dd19e:1:0		7b82c125a5a54984b8bb26576b59e977
1222	Craft	Salvage		0			
382	Craft			0			7b82c125a5a54984b8bb26576b59e977
382	Craft	Salvage		0			
362	Craft			0			
362	Craft			0			
362	Craft			0			
1241	Craft		Craft	2			99896da563a748148460c67b9962874f
1241	Craft		Craft	3			
1241	Craft	Salvage	Craft	2			
1691	Craft		Craft	2			99896da563a748148460c67b9962874f
1691	Craft			0			
1691	Craft	Salvage	Craft	2			
1393	Craft		Craft	3			
1393	Craft	Salvage	Craft	2			
1920	Craft		Craft	3	5830b84bf8074caa91cf3f4dde0dd19e:1:0		7b82c125a5a54984b8bb26576b59e977
1158	Craft		Craft	3	ebb61f2e64f24351a6ab905b5516060b:2:1|14901f32cd3240179fd6124324cc27e5:2:1|ae1fc8674d0b4443b3ad9a68776dcf0f:1:1|7aee55ea2abf4f3fb70c4b2677da0e14:1:1|5830b84bf8074caa91cf3f4dde0dd19e:1:0		
1102	Craft		Craft	1			99896da563a748148460c67b9962874f
1102	Craft	Salvage	Craft	2			
1509	Craft		Craft	3	6314c13082c24bdcbc9872d492df4926:1:1|21ede8ebffb14c5580e8c7ad149e335e:2:1|5830b84bf8074caa91cf3f4dde0dd19e:1:0		
1283	Craft		Craft	2	7f06b16642724683bd61584a52fde981:1:1|656f319d2d194813b390edc6edd8a697:2:1|5830b84bf8074caa91cf3f4dde0dd19e:1:0		
1243	Craft		Craft	2			7b82c125a5a54984b8bb26576b59e977
1309	Craft			0	7ff64602a47842f284d7a6cb714c2d69:1:1		8e86b740dafc46f7bf98c5040c9b223e
1310	Craft			0	7ff64602a47842f284d7a6cb714c2d69:1:1		8e86b740dafc46f7bf98c5040c9b223e
1311	Craft			0	7ff64602a47842f284d7a6cb714c2d69:1:1		8e86b740dafc46f7bf98c5040c9b223e
1312	Craft			0	7ff64602a47842f284d7a6cb714c2d69:1:1		8e86b740dafc46f7bf98c5040c9b223e
1313	Craft			0	7ff64602a47842f284d7a6cb714c2d69:1:1		8e86b740dafc46f7bf98c5040c9b223e
1314	Craft			0	7ff64602a47842f284d7a6cb714c2d69:1:1		8e86b740dafc46f7bf98c5040c9b223e
1256	Craft			0			
1303	Craft			0	37dcda8892bc43f29c2538f8e26c3a90:1:1		8e86b740dafc46f7bf98c5040c9b223e
1304	Craft			0	37dcda8892bc43f29c2538f8e26c3a90:1:1		8e86b740dafc46f7bf98c5040c9b223e
1305	Craft			0	37dcda8892bc43f29c2538f8e26c3a90:1:1		8e86b740dafc46f7bf98c5040c9b223e
1306	Craft			0	37dcda8892bc43f29c2538f8e26c3a90:1:1		8e86b740dafc46f7bf98c5040c9b223e
1307	Craft			0	37dcda8892bc43f29c2538f8e26c3a90:1:1		8e86b740dafc46f7bf98c5040c9b223e
1308	Craft			0	37dcda8892bc43f29c2538f8e26c3a90:1:1		8e86b740dafc46f7bf98c5040c9b223e
1246	Craft			0			
1245	Craft			0			
1248	Craft		Craft	3	7f06b16642724683bd61584a52fde981:2:1|656f319d2d194813b390edc6edd8a697:2:1|5830b84bf8074caa91cf3f4dde0dd19e:1:0		7b82c125a5a54984b8bb26576b59e977
1247	Craft			0			
1252	Craft			0			
1251	Craft			0			
1254	Craft		Craft	3	06a78e7fdace45bcab785e1913a4c624:1:1|5830b84bf8074caa91cf3f4dde0dd19e:1:0		7b82c125a5a54984b8bb26576b59e977
1253	Craft			0			
1396	Craft			0			
1396	Craft			0			
1396	Craft			0			
1396	Craft			0			
1500	Craft			0			
1500	Craft			0			
1500	Craft			0			
1500	Craft			0			
1397	Craft			0			
1397	Craft			0			
1397	Craft			0			
1397	Craft			0			
367	Craft			0			
366	Craft			0			
368	Craft			0			
1085	Craft			0			
1217	Craft			0			
1083	Craft			0			
1089	Craft		Craft	2			7b82c125a5a54984b8bb26576b59e977
1087	Craft			0			
282	Craft			0			
284	Craft		Craft	1	656f319d2d194813b390edc6edd8a697:5:1|5830b84bf8074caa91cf3f4dde0dd19e:1:0		7b82c125a5a54984b8bb26576b59e977
281	Craft			0			
378	Craft			0			7b82c125a5a54984b8bb26576b59e977
283	Craft			0			
286	Craft		Craft	3	7f06b16642724683bd61584a52fde981:4:1|656f319d2d194813b390edc6edd8a697:3:1|5830b84bf8074caa91cf3f4dde0dd19e:1:0		7b82c125a5a54984b8bb26576b59e977
1236	Craft			0			
1235	Craft			0			
1238	Craft		Craft	3			7b82c125a5a54984b8bb26576b59e977
1237	Craft			0			
1917	Craft			0			
1917	Craft			0			
1917	Craft			0			
1119	Craft			0			7b82c125a5a54984b8bb26576b59e977
1232	Craft			0			
1231	Craft			0			
1234	Craft		Craft	3	14901f32cd3240179fd6124324cc27e5:5:1|656f319d2d194813b390edc6edd8a697:7:1|5830b84bf8074caa91cf3f4dde0dd19e:1:0		7b82c125a5a54984b8bb26576b59e977
1233	Craft			0			
1272	Craft			0			
1273	Craft			0			
1274	Craft			0			
1275	Craft			0			
1276	Craft			0			
1277	Craft			0			
1921	Craft			0			
1921	Craft			0			
1921	Craft			0			
287	Craft		Craft	3	656f319d2d194813b390edc6edd8a697:6:1|5830b84bf8074caa91cf3f4dde0dd19e:1:0		7b82c125a5a54984b8bb26576b59e977
47	Craft			0			
29	Craft			0			
48	Craft			0			
1066	Craft			0			
1066	Craft			0			
1060	Craft			0			
1060	Craft			0			
1072	Craft			0			
1072	Craft			0			
1067	Craft			0			
1067	Craft			0			
1061	Craft			0			
1061	Craft			0			
1073	Craft			0			
1073	Craft			0			
1249	Craft		Craft	2	7f06b16642724683bd61584a52fde981:3:1|656f319d2d194813b390edc6edd8a697:1:1|5830b84bf8074caa91cf3f4dde0dd19e:1:0		7b82c125a5a54984b8bb26576b59e977
1086	Craft			0			
1218	Craft			0			
1084	Craft			0			
1090	Craft		Craft	2			7b82c125a5a54984b8bb26576b59e977
1088	Craft			0			
455	Craft			0			
451	Craft			0			
457	Craft		Craft	3			7b82c125a5a54984b8bb26576b59e977
456	Craft			0			
1230	Craft		Craft	3	72fae83175f34bde94bd52d40c7a9ebc:7:1|5830b84bf8074caa91cf3f4dde0dd19e:1:0		7b82c125a5a54984b8bb26576b59e977
458	Craft		Craft	2	7f06b16642724683bd61584a52fde981:4:1|656f319d2d194813b390edc6edd8a697:4:1|d5b9f19e2f2a4ee2ab4dc666f32f7df3:1:1|5830b84bf8074caa91cf3f4dde0dd19e:1:0		7b82c125a5a54984b8bb26576b59e977
1298	Craft			0			
1299	Craft			0			
1297	Craft			0			
1330	Craft			0			
1329	Craft			0			
1332	Craft			0			7b82c125a5a54984b8bb26576b59e977
1331	Craft			0			
1927	Craft		Craft	2	ebf1b6d9f81f46b588297c2ef9b03c67:5:1|fdac7ad3db9c46109fa6a4e137969ad6:1:1		7b82c125a5a54984b8bb26576b59e977
326	Craft			0			
325	Craft			0			
379	Craft		Craft	3			7b82c125a5a54984b8bb26576b59e977
327	Craft			0			
1255	Craft		Craft	2	9908a43237364f22a62242cd1fb14fc9:1:1|656f319d2d194813b390edc6edd8a697:2:1|5830b84bf8074caa91cf3f4dde0dd19e:1:0		7b82c125a5a54984b8bb26576b59e977
1918	Craft		Craft	1	5830b84bf8074caa91cf3f4dde0dd19e:1:0		7b82c125a5a54984b8bb26576b59e977
1101	Craft		Craft	1			99896da563a748148460c67b9962874f
1101	Craft	Salvage	Craft	2			
1258	Craft		Craft	2			
1257	Craft		Craft	2			
1260	Craft		Craft	3	7f06b16642724683bd61584a52fde981:6:1|5ff4bcf752554990bf06e103b996cef2:5:1|5830b84bf8074caa91cf3f4dde0dd19e:1:0		7b82c125a5a54984b8bb26576b59e977
1259	Craft		Craft	2			
328	Craft		Craft	3	7f06b16642724683bd61584a52fde981:3:1|656f319d2d194813b390edc6edd8a697:3:1|5830b84bf8074caa91cf3f4dde0dd19e:1:0		7b82c125a5a54984b8bb26576b59e977
1923	Craft		Craft	1	1e884b3e38d04dbf8d5a65bd85c61130:1:0|e73a23b102f24520a32ec0b2afaa6157:10:1|46218740c256475b87dbc6a2e9a1fb19:4:1|14901f32cd3240179fd6124324cc27e5:5:1|4b68587f5cad45eaab5e07ed0e6fd3b3:1:1		7b82c125a5a54984b8bb26576b59e977
1923	Craft		Craft	1	1e884b3e38d04dbf8d5a65bd85c61130:1:0|5a3c4302400e400b9b9486fbb5178eca:10:1|9c563bf14d4641a18873f338beaed128:4:1|14901f32cd3240179fd6124324cc27e5:5:1|4b68587f5cad45eaab5e07ed0e6fd3b3:1:1		7b82c125a5a54984b8bb26576b59e977
1923	Craft		Craft	1	1e884b3e38d04dbf8d5a65bd85c61130:1:0|719bfdf2c2dc4be6ad5be44d044583e4:10:1|55d9700ea53c477685458171932251f1:4:1|14901f32cd3240179fd6124324cc27e5:5:1|4b68587f5cad45eaab5e07ed0e6fd3b3:1:1		7b82c125a5a54984b8bb26576b59e977
1112	Craft		Craft	2	7f06b16642724683bd61584a52fde981:2:1|8c25cf28c76a4634855f404c8972c0ae:2:1|656f319d2d194813b390edc6edd8a697:2:1|72fae83175f34bde94bd52d40c7a9ebc:1:1|098b13be34a7411db7736b7f866ada69:1:1|5a59fbb525e6414e8b05be253e461ed5:4:1|5830b84bf8074caa91cf3f4dde0dd19e:1:0		7b82c125a5a54984b8bb26576b59e977
1099	Craft		Craft	3	7f06b16642724683bd61584a52fde981:3:1|8c25cf28c76a4634855f404c8972c0ae:3:1|656f319d2d194813b390edc6edd8a697:4:1|72fae83175f34bde94bd52d40c7a9ebc:1:1|098b13be34a7411db7736b7f866ada69:1:1|5a59fbb525e6414e8b05be253e461ed5:4:1|5830b84bf8074caa91cf3f4dde0dd19e:1:0		7b82c125a5a54984b8bb26576b59e977
1111	Craft		Craft	3	7f06b16642724683bd61584a52fde981:4:1|8c25cf28c76a4634855f404c8972c0ae:4:1|656f319d2d194813b390edc6edd8a697:6:1|72fae83175f34bde94bd52d40c7a9ebc:1:1|098b13be34a7411db7736b7f866ada69:1:1|5a59fbb525e6414e8b05be253e461ed5:6:1|5830b84bf8074caa91cf3f4dde0dd19e:1:0		7b82c125a5a54984b8bb26576b59e977
1408	Craft			0	e73a23b102f24520a32ec0b2afaa6157:7:1|14901f32cd3240179fd6124324cc27e5:5:1		7b82c125a5a54984b8bb26576b59e977
1408	Craft			0	5a3c4302400e400b9b9486fbb5178eca:7:1|14901f32cd3240179fd6124324cc27e5:5:1		7b82c125a5a54984b8bb26576b59e977
1408	Craft			0	719bfdf2c2dc4be6ad5be44d044583e4:7:1|14901f32cd3240179fd6124324cc27e5:5:1		7b82c125a5a54984b8bb26576b59e977
1409	Craft		Craft	3	21ede8ebffb14c5580e8c7ad149e335e:4:1|656f319d2d194813b390edc6edd8a697:7:1|14901f32cd3240179fd6124324cc27e5:5:1|5830b84bf8074caa91cf3f4dde0dd19e:1:0		7b82c125a5a54984b8bb26576b59e977
1328	Craft			0			
1219	Craft		Craft	3	7f06b16642724683bd61584a52fde981:5:1|656f319d2d194813b390edc6edd8a697:3:1|7aee55ea2abf4f3fb70c4b2677da0e14:2:1|d5b9f19e2f2a4ee2ab4dc666f32f7df3:2:1|5830b84bf8074caa91cf3f4dde0dd19e:1:0		7b82c125a5a54984b8bb26576b59e977
1919	Craft		Craft	2	cc444c3f2f354ff5a81f18cf9b980fff:5:1|7f06b16642724683bd61584a52fde981:1:1|fdac7ad3db9c46109fa6a4e137969ad6:1:1|5830b84bf8074caa91cf3f4dde0dd19e:1:0		7b82c125a5a54984b8bb26576b59e977
1250	Craft		Craft	3	fdac7ad3db9c46109fa6a4e137969ad6:1:1|7f06b16642724683bd61584a52fde981:3:1|5830b84bf8074caa91cf3f4dde0dd19e:1:0		7b82c125a5a54984b8bb26576b59e977
1261	Craft		Craft	2	7f06b16642724683bd61584a52fde981:5:1|656f319d2d194813b390edc6edd8a697:5:1|ba3baff781ab4970b549b805c4d28bf8:1:1|5830b84bf8074caa91cf3f4dde0dd19e:1:0		7b82c125a5a54984b8bb26576b59e977
1069	Craft			0			
1063	Craft			0			
1094	Craft			0			7b82c125a5a54984b8bb26576b59e977
1075	Craft			0			
1468	Craft			0			
1467	Craft			0			
1470	Craft		Craft	2	7f06b16642724683bd61584a52fde981:3:1|656f319d2d194813b390edc6edd8a697:1:1|5830b84bf8074caa91cf3f4dde0dd19e:1:0		7b82c125a5a54984b8bb26576b59e977
1469	Craft			0			
331	Craft			0			
331	Craft			0			
331	Craft			0			
1411	Craft			0			
1410	Craft			0			
1413	Craft			0			7b82c125a5a54984b8bb26576b59e977
1412	Craft			0			
1928	Craft		Craft	2			192e071c94d1419b991a430d42fe2be3
1064	Craft			0			
1064	Craft			0			
1144	Craft			0			
1144	Craft			0			
1145	Craft			0			
1145	Craft			0			
1058	Craft			0			
1058	Craft			0			
1146	Craft			0			
1146	Craft			0			
1147	Craft			0			
1147	Craft			0			
1091	Craft			0			7b82c125a5a54984b8bb26576b59e977
1091	Craft			0			
1070	Craft			0			
1070	Craft			0			
1148	Craft			0			
1148	Craft			0			
1149	Craft			0			
1149	Craft			0			
1239	Craft			0			
1065	Craft			0			
1065	Craft			0			
1150	Craft			0			
1150	Craft			0			
1151	Craft			0			
1151	Craft			0			
893	Craft			0			
892	Craft			0			
894	Craft			0			
1059	Craft			0			
1059	Craft			0			
1152	Craft			0			
1152	Craft			0			
1153	Craft			0			
1153	Craft			0			
1092	Craft			0			7b82c125a5a54984b8bb26576b59e977
1092	Craft			0			
1071	Craft			0			
1071	Craft			0			
1154	Craft			0			
1154	Craft			0			
1155	Craft			0			
1155	Craft			0			
1345	Craft			0			7b82c125a5a54984b8bb26576b59e977
1203	Craft			0			
1202	Craft			0			
1220	Craft			0			7b82c125a5a54984b8bb26576b59e977
1204	Craft			0			
1229	Craft		Craft	2	7f06b16642724683bd61584a52fde981:4:1|c0b0f4a9f46c49a59f4558210bf36da5:3:1|8c25cf28c76a4634855f404c8972c0ae:2:1|7aee55ea2abf4f3fb70c4b2677da0e14:1:1|5830b84bf8074caa91cf3f4dde0dd19e:1:0		7b82c125a5a54984b8bb26576b59e977
1228	Craft		Craft	2			7b82c125a5a54984b8bb26576b59e977
1050	Craft		Craft	3	7f06b16642724683bd61584a52fde981:6:1|656f319d2d194813b390edc6edd8a697:6:1|81419c5ae34e4f449bfddc9075709ff2:1:1|5830b84bf8074caa91cf3f4dde0dd19e:1:0		7b82c125a5a54984b8bb26576b59e977
365	Craft			0			
365	Craft	Salvage		0			
1104	Craft			0			
330	Craft			0			
336	Craft			0			
574	Craft			0			
1105	Craft			0			
1106	Craft			0			
339	Craft			0			
1107	Craft			0			
1933	Craft			0			
1935	Craft			0			
343	Craft			0			
1045	Craft			0			
1945	Craft			0			
1108	Craft			0			
1949	Craft			0			
1941	Craft			0			
1109	Craft			0			
341	Craft			0			
1110	Craft			0			
345	Craft			0			
1244	Craft		Craft	3	3407a91dde0c4454b91d5af072f11a4c:1:1|4eb615311edb4ef98ee95d8c70ba3c25:1:1|669bab19df634f859a2e61c39e428e59:1:1|5830b84bf8074caa91cf3f4dde0dd19e:1:0		7b82c125a5a54984b8bb26576b59e977
1372	Craft		Craft	3	3407a91dde0c4454b91d5af072f11a4c:1:1|4eb615311edb4ef98ee95d8c70ba3c25:1:1|669bab19df634f859a2e61c39e428e59:1:1|5830b84bf8074caa91cf3f4dde0dd19e:1:0		7b82c125a5a54984b8bb26576b59e977
1373	Craft		Craft	3	3407a91dde0c4454b91d5af072f11a4c:1:1|4eb615311edb4ef98ee95d8c70ba3c25:1:1|669bab19df634f859a2e61c39e428e59:1:1|5830b84bf8074caa91cf3f4dde0dd19e:1:0		7b82c125a5a54984b8bb26576b59e977
1924	Craft		Craft	1			7b82c125a5a54984b8bb26576b59e977
1924	Craft		Craft	1			7b82c125a5a54984b8bb26576b59e977
1924	Craft		Craft	1			7b82c125a5a54984b8bb26576b59e977
1224	Craft			0			
1223	Craft			0			
1226	Craft			0			7b82c125a5a54984b8bb26576b59e977
1225	Craft			0			
1068	Craft			0			
1062	Craft			0			
1093	Craft			0			7b82c125a5a54984b8bb26576b59e977
1074	Craft			0			
1096	Craft			0			
1095	Craft			0			
1098	Craft		Craft	2	7f06b16642724683bd61584a52fde981:3:1|656f319d2d194813b390edc6edd8a697:1:1|5830b84bf8074caa91cf3f4dde0dd19e:1:0		7b82c125a5a54984b8bb26576b59e977
1097	Craft			0			
1113	Craft			0			
1113	Craft	Salvage		0			
384	Craft			0			
383	Craft			0			
385	Craft			0			
1922	Craft		Craft	1	1e884b3e38d04dbf8d5a65bd85c61130:1:0|e73a23b102f24520a32ec0b2afaa6157:5:1|46218740c256475b87dbc6a2e9a1fb19:6:1|656f319d2d194813b390edc6edd8a697:2:1|14901f32cd3240179fd6124324cc27e5:1:1|4b68587f5cad45eaab5e07ed0e6fd3b3:1:1		7b82c125a5a54984b8bb26576b59e977
1922	Craft		Craft	1	1e884b3e38d04dbf8d5a65bd85c61130:1:0|5a3c4302400e400b9b9486fbb5178eca:5:1|9c563bf14d4641a18873f338beaed128:6:1|656f319d2d194813b390edc6edd8a697:2:1|14901f32cd3240179fd6124324cc27e5:1:1|4b68587f5cad45eaab5e07ed0e6fd3b3:1:1		7b82c125a5a54984b8bb26576b59e977
1922	Craft		Craft	1	1e884b3e38d04dbf8d5a65bd85c61130:1:0|719bfdf2c2dc4be6ad5be44d044583e4:5:1|55d9700ea53c477685458171932251f1:6:1|656f319d2d194813b390edc6edd8a697:2:1|14901f32cd3240179fd6124324cc27e5:1:1|4b68587f5cad45eaab5e07ed0e6fd3b3:1:1		7b82c125a5a54984b8bb26576b59e977
459	Craft		Craft	3	ebb61f2e64f24351a6ab905b5516060b:2:1|656f319d2d194813b390edc6edd8a697:5:1|5830b84bf8074caa91cf3f4dde0dd19e:1:0		7b82c125a5a54984b8bb26576b59e977
459	Craft	Salvage		0			
1911	Craft			0			
1911	Craft			0			
1915	Craft			0			
1915	Craft			0			
1913	Craft			0			
1913	Craft			0			
1901	Craft			0			
1901	Craft			0			
1900	Craft	Stack		0			
1900	Craft	Unstack		0			
1902	Craft			0			
1902	Craft			0			
1904	Craft			0			
1904	Craft			0			
1903	Craft			0			
1903	Craft			0			
1905	Craft			0			
1905	Craft			0			
1914	Craft			0			
1914	Craft			0			
1909	Craft			0			
1909	Craft			0			
1910	Craft			0			
1910	Craft			0			
1907	Craft			0			
1907	Craft			0			
1906	Craft			0			
1906	Craft			0			
1908	Craft			0			
1908	Craft			0			
1912	Craft			0			
1912	Craft			0			
1466	Craft			0			7b82c125a5a54984b8bb26576b59e977
1289	Craft			0			
1288	Craft			0			
1291	Craft		Craft	1	7f06b16642724683bd61584a52fde981:2:1|656f319d2d194813b390edc6edd8a697:2:1|5830b84bf8074caa91cf3f4dde0dd19e:1:0		7b82c125a5a54984b8bb26576b59e977
1290	Craft			0			
1285	Craft			0			
1284	Craft			0			
1287	Craft		Craft	1	7f06b16642724683bd61584a52fde981:2:1|656f319d2d194813b390edc6edd8a697:2:1|5830b84bf8074caa91cf3f4dde0dd19e:1:0		7b82c125a5a54984b8bb26576b59e977
1286	Craft			0			
1293	Craft			0			
1292	Craft			0			
1295	Craft		Craft	1	7f06b16642724683bd61584a52fde981:2:1|656f319d2d194813b390edc6edd8a697:2:1|5830b84bf8074caa91cf3f4dde0dd19e:1:0		7b82c125a5a54984b8bb26576b59e977
1294	Craft			0			
1227	Craft			0	656f319d2d194813b390edc6edd8a697:7:1|5830b84bf8074caa91cf3f4dde0dd19e:1:0		7b82c125a5a54984b8bb26576b59e977
1227	Craft	Salvage		0			
360	Craft			0			
359	Craft			0			
361	Craft			0			
1206	Craft			0			
1205	Craft			0			
1221	Craft			0			7b82c125a5a54984b8bb26576b59e977
1207	Craft			0			
1282	Craft			0			7b82c125a5a54984b8bb26576b59e977
1321	Craft			0	6d184c53fdeb4056a66ea949a67f01ed:1:1		8e86b740dafc46f7bf98c5040c9b223e
1322	Craft			0	6d184c53fdeb4056a66ea949a67f01ed:1:1		8e86b740dafc46f7bf98c5040c9b223e
1323	Craft			0	6d184c53fdeb4056a66ea949a67f01ed:1:1		8e86b740dafc46f7bf98c5040c9b223e
1324	Craft			0	6d184c53fdeb4056a66ea949a67f01ed:1:1		8e86b740dafc46f7bf98c5040c9b223e
1325	Craft			0	6d184c53fdeb4056a66ea949a67f01ed:1:1		8e86b740dafc46f7bf98c5040c9b223e
1326	Craft			0	6d184c53fdeb4056a66ea949a67f01ed:1:1		8e86b740dafc46f7bf98c5040c9b223e
1279	Craft			0			
1278	Craft			0			
1281	Craft		Craft	3	7f06b16642724683bd61584a52fde981:4:1|656f319d2d194813b390edc6edd8a697:4:1|5830b84bf8074caa91cf3f4dde0dd19e:1:0		7b82c125a5a54984b8bb26576b59e977
1280	Craft			0			
1916	Craft			0			
1916	Craft			0			
1916	Craft			0			
1103	Craft	Salvage		0			
1122	Craft	Salvage		0			
1122	Craft			0	7f346e50d65c4adda99d0ff42157b4a5:1:1		8e86b740dafc46f7bf98c5040c9b223e
1123	Craft	Salvage		0			
1123	Craft			0	7f346e50d65c4adda99d0ff42157b4a5:1:1		8e86b740dafc46f7bf98c5040c9b223e
1124	Craft	Salvage		0			
1124	Craft			0	7f346e50d65c4adda99d0ff42157b4a5:1:1		8e86b740dafc46f7bf98c5040c9b223e
1125	Craft	Salvage		0			
1125	Craft			0	7f346e50d65c4adda99d0ff42157b4a5:1:1		8e86b740dafc46f7bf98c5040c9b223e
1126	Craft	Salvage		0			
1126	Craft			0	7f346e50d65c4adda99d0ff42157b4a5:1:1		8e86b740dafc46f7bf98c5040c9b223e
1127	Craft	Salvage		0			
1128	Craft	Salvage		0			
1128	Craft			0	7f346e50d65c4adda99d0ff42157b4a5:1:1		8e86b740dafc46f7bf98c5040c9b223e
1240	Craft	Salvage		0			
1271	Craft	Salvage		0			
506	Craft		Craft	1			
503	Craft	Salvage		0			
1432	Craft		Craft	2	1c47939b50344c79852e1b4376debbfc:1:0|04e1a631fc0848a68b02022d8b1c2141:1:1|8ce5c560166545499432d6e01ce399cc:1:1|4b68587f5cad45eaab5e07ed0e6fd3b3:1:1|ebb61f2e64f24351a6ab905b5516060b:2:1		7b82c125a5a54984b8bb26576b59e977
507	Craft		Craft	1			
508	Craft		Craft	1			
1352	Craft		Cook	1			20f30322bbcc4b01a4f116d22b24c21a
1121	Craft		Cook	1			20f30322bbcc4b01a4f116d22b24c21a
460	Craft		Cook	1			d2cc65b749e5477f95103601df89cdbc
471	Craft		Cook	3			d2cc65b749e5477f95103601df89cdbc
1431	Craft			0	92597ac5ebac45f0a08a79c0f2d36126:1:0|8e3bffce28494c3db54eee126b92fcdb:1:1|1f315672d98f4ebbb9f76255faa43721:1:1		7b82c125a5a54984b8bb26576b59e977
1431	Craft	Salvage		0			
464	Craft		Cook	1			d2cc65b749e5477f95103601df89cdbc
1510	Craft		Craft	2			
1453	Craft			0			68816064e2ce44839c3f35da55033cba
1453	Craft		Overkill	1			
1957	Craft		Cook	1			20f30322bbcc4b01a4f116d22b24c21a
1163	Craft		Cook	2			d2cc65b749e5477f95103601df89cdbc
1964	Craft		Cook	1			20f30322bbcc4b01a4f116d22b24c21a
1955	Craft		Cook	1			20f30322bbcc4b01a4f116d22b24c21a
1350	Craft		Cook	1			20f30322bbcc4b01a4f116d22b24c21a
1966	Craft		Cook	1			20f30322bbcc4b01a4f116d22b24c21a
1348	Craft		Cook	1			20f30322bbcc4b01a4f116d22b24c21a
1936	Craft		Cook	1			20f30322bbcc4b01a4f116d22b24c21a
1937	Craft		Cook	2			20f30322bbcc4b01a4f116d22b24c21a
1960	Craft		Cook	1			20f30322bbcc4b01a4f116d22b24c21a
1160	Craft		Cook	2			d2cc65b749e5477f95103601df89cdbc
1047	Craft		Cook	3			d2cc65b749e5477f95103601df89cdbc
1076	Craft		Cook	3			d2cc65b749e5477f95103601df89cdbc
1976	Craft		Cook	3			d2cc65b749e5477f95103601df89cdbc
1976	Craft		Cook	3			d2cc65b749e5477f95103601df89cdbc
573	Craft		Cook	3			d2cc65b749e5477f95103601df89cdbc
1077	Craft		Cook	3			d2cc65b749e5477f95103601df89cdbc
1078	Craft		Cook	3			d2cc65b749e5477f95103601df89cdbc
1079	Craft		Cook	3			d2cc65b749e5477f95103601df89cdbc
1080	Craft		Cook	3			d2cc65b749e5477f95103601df89cdbc
1081	Craft		Cook	3			d2cc65b749e5477f95103601df89cdbc
1082	Craft		Cook	3			d2cc65b749e5477f95103601df89cdbc
1164	Craft		Cook	3			d2cc65b749e5477f95103601df89cdbc
1164	Craft		Cook	3			d2cc65b749e5477f95103601df89cdbc
1939	Craft		Cook	3			d2cc65b749e5477f95103601df89cdbc
1974	Craft		Cook	2			68816064e2ce44839c3f35da55033cba
1974	Craft		Cook	2			68816064e2ce44839c3f35da55033cba
1118	Craft		Cook	1			20f30322bbcc4b01a4f116d22b24c21a
1929	Craft		Cook	1			20f30322bbcc4b01a4f116d22b24c21a
1946	Craft		Cook	2			20f30322bbcc4b01a4f116d22b24c21a
1977	Craft		Cook	2			68816064e2ce44839c3f35da55033cba|20f30322bbcc4b01a4f116d22b24c21a
513	Craft		Cook	1			20f30322bbcc4b01a4f116d22b24c21a
1975	Craft		Cook	2			20f30322bbcc4b01a4f116d22b24c21a|68816064e2ce44839c3f35da55033cba
1403	Craft		Cook	2			68816064e2ce44839c3f35da55033cba
1404	Craft		Cook	2			68816064e2ce44839c3f35da55033cba
1407	Craft		Cook	2			68816064e2ce44839c3f35da55033cba
467	Craft		Cook	2			68816064e2ce44839c3f35da55033cba
1406	Craft		Cook	2			68816064e2ce44839c3f35da55033cba
466	Craft		Cook	2			68816064e2ce44839c3f35da55033cba
1405	Craft		Cook	3			68816064e2ce44839c3f35da55033cba
1969	Craft		Cook	2			68816064e2ce44839c3f35da55033cba
1972	Craft		Cook	2			68816064e2ce44839c3f35da55033cba
1968	Craft		Cook	2			68816064e2ce44839c3f35da55033cba
1401	Craft		Cook	2			68816064e2ce44839c3f35da55033cba
468	Craft		Cook	2			68816064e2ce44839c3f35da55033cba
1973	Craft		Cook	2			68816064e2ce44839c3f35da55033cba
1400	Craft		Cook	2			68816064e2ce44839c3f35da55033cba
1970	Craft		Cook	2			68816064e2ce44839c3f35da55033cba
1399	Craft		Cook	2			68816064e2ce44839c3f35da55033cba
1967	Craft		Cook	2			68816064e2ce44839c3f35da55033cba
1398	Craft		Cook	2			68816064e2ce44839c3f35da55033cba
461	Craft		Cook	2			68816064e2ce44839c3f35da55033cba
461	Craft		Cook	2			68816064e2ce44839c3f35da55033cba
1402	Craft		Cook	2			68816064e2ce44839c3f35da55033cba
1953	Craft		Cook	1			20f30322bbcc4b01a4f116d22b24c21a
1435	Craft		Cook	1			20f30322bbcc4b01a4f116d22b24c21a
1938	Craft		Cook	2			20f30322bbcc4b01a4f116d22b24c21a
1978	Craft		Cook	1			20f30322bbcc4b01a4f116d22b24c21a
1931	Craft		Cook	2			20f30322bbcc4b01a4f116d22b24c21a
1951	Craft		Cook	3			20f30322bbcc4b01a4f116d22b24c21a|68816064e2ce44839c3f35da55033cba
1943	Craft		Cook	2			68816064e2ce44839c3f35da55033cba
1947	Craft		Cook	3			20f30322bbcc4b01a4f116d22b24c21a|68816064e2ce44839c3f35da55033cba
1942	Craft		Cook	1			20f30322bbcc4b01a4f116d22b24c21a
512	Craft		Cook	1			20f30322bbcc4b01a4f116d22b24c21a
1962	Craft		Cook	1			20f30322bbcc4b01a4f116d22b24c21a
515	Craft		Cook	1			20f30322bbcc4b01a4f116d22b24c21a
1161	Craft		Cook	2			d2cc65b749e5477f95103601df89cdbc
1440	Craft		Craft	2	d5b9f19e2f2a4ee2ab4dc666f32f7df3:5:1|5830b84bf8074caa91cf3f4dde0dd19e:1:0		7b82c125a5a54984b8bb26576b59e977
1115	Craft		Craft	1			
1114	Craft		Craft	1			
1116	Craft		Craft	1			
1464	Craft	Salvage		0			
1464	RepairTargetItem	Repair		0			2ac5ddc545a848008c0308d21f5d2e6b
1464	Craft			0			2ac5ddc545a848008c0308d21f5d2e6b
1181	Craft	Salvage		0			
1181	RepairTargetItem	Repair		0			2ac5ddc545a848008c0308d21f5d2e6b
1199	Craft	Salvage		0			
1199	RepairTargetItem	Repair		0			2ac5ddc545a848008c0308d21f5d2e6b
1044	Craft	Salvage		0			
1044	RepairTargetItem	Repair		0			2ac5ddc545a848008c0308d21f5d2e6b
334	Craft	Salvage		0			
334	RepairTargetItem	Repair		0			2ac5ddc545a848008c0308d21f5d2e6b
143	Craft	Salvage		0			
145	Craft	Salvage		0			
8	Craft	Salvage		0			
332	Craft			0			
107	RepairTargetItem	Repair		0	21ede8ebffb14c5580e8c7ad149e335e:3:1|5830b84bf8074caa91cf3f4dde0dd19e:1:0		7b82c125a5a54984b8bb26576b59e977
107	Craft	Salvage		0			
1362	RepairTargetItem	Repair	Repair	2	21ede8ebffb14c5580e8c7ad149e335e:3:1|5830b84bf8074caa91cf3f4dde0dd19e:1:0		7b82c125a5a54984b8bb26576b59e977
1362	Craft	Salvage		0			
1021	RepairTargetItem	Repair		0	21ede8ebffb14c5580e8c7ad149e335e:3:1|5830b84bf8074caa91cf3f4dde0dd19e:1:0		7b82c125a5a54984b8bb26576b59e977
1021	Craft	Salvage		0			
1484	RepairTargetItem	Repair	Repair	1	21ede8ebffb14c5580e8c7ad149e335e:5:1|5830b84bf8074caa91cf3f4dde0dd19e:1:0		7b82c125a5a54984b8bb26576b59e977
1484	Craft	Salvage		0			
112	RepairTargetItem	Repair		0	21ede8ebffb14c5580e8c7ad149e335e:4:1|5830b84bf8074caa91cf3f4dde0dd19e:1:0		7b82c125a5a54984b8bb26576b59e977
112	Craft	Salvage		0			
355	Craft		Craft	1			
355	RepairTargetItem	Repair		0			
355	Craft	Salvage		0			
357	RepairTargetItem	Repair		0	21ede8ebffb14c5580e8c7ad149e335e:4:1|5830b84bf8074caa91cf3f4dde0dd19e:1:0		7b82c125a5a54984b8bb26576b59e977
357	Craft	Salvage		0			
353	Craft		Craft	1			
353	RepairTargetItem	Repair		0			
353	Craft	Salvage		0			
356	Craft		Craft	1			
356	RepairTargetItem	Repair		0			
356	Craft	Salvage		0			
1369	RepairTargetItem	Repair		0	21ede8ebffb14c5580e8c7ad149e335e:3:1|5830b84bf8074caa91cf3f4dde0dd19e:1:0		7b82c125a5a54984b8bb26576b59e977
1369	Craft	Salvage		0			
1379	RepairTargetItem	Repair	Repair	1	21ede8ebffb14c5580e8c7ad149e335e:4:1|5830b84bf8074caa91cf3f4dde0dd19e:1:0		7b82c125a5a54984b8bb26576b59e977
1379	Craft	Salvage		0			
99	RepairTargetItem	Repair	Repair	1	21ede8ebffb14c5580e8c7ad149e335e:3:1|5830b84bf8074caa91cf3f4dde0dd19e:1:0		7b82c125a5a54984b8bb26576b59e977
99	Craft	Salvage		0			
1521	RepairTargetItem	Repair		0	21ede8ebffb14c5580e8c7ad149e335e:3:1|5830b84bf8074caa91cf3f4dde0dd19e:1:0		7b82c125a5a54984b8bb26576b59e977
1521	Craft	Salvage		0			
97	RepairTargetItem	Repair		0	21ede8ebffb14c5580e8c7ad149e335e:2:1|5830b84bf8074caa91cf3f4dde0dd19e:1:0		7b82c125a5a54984b8bb26576b59e977
97	Craft	Salvage		0			
346	RepairTargetItem	Repair		0	21ede8ebffb14c5580e8c7ad149e335e:6:1|5830b84bf8074caa91cf3f4dde0dd19e:1:0		7b82c125a5a54984b8bb26576b59e977
346	Craft	Salvage		0			
488	RepairTargetItem	Repair	Repair	2	21ede8ebffb14c5580e8c7ad149e335e:5:1|5830b84bf8074caa91cf3f4dde0dd19e:1:0		7b82c125a5a54984b8bb26576b59e977
488	Craft	Salvage		0			
1480	RepairTargetItem	Repair	Repair	1	21ede8ebffb14c5580e8c7ad149e335e:5:1|5830b84bf8074caa91cf3f4dde0dd19e:1:0		7b82c125a5a54984b8bb26576b59e977
1480	Craft	Salvage		0			
132	RepairTargetItem	Repair	Repair	2	21ede8ebffb14c5580e8c7ad149e335e:7:1|5830b84bf8074caa91cf3f4dde0dd19e:1:0		7b82c125a5a54984b8bb26576b59e977
132	Craft	Salvage		0			
4	RepairTargetItem	Repair	Repair	2	21ede8ebffb14c5580e8c7ad149e335e:4:1|5830b84bf8074caa91cf3f4dde0dd19e:1:0		7b82c125a5a54984b8bb26576b59e977
4	Craft	Salvage		0			
1382	RepairTargetItem	Repair	Repair	2	21ede8ebffb14c5580e8c7ad149e335e:5:1|5830b84bf8074caa91cf3f4dde0dd19e:1:0		7b82c125a5a54984b8bb26576b59e977
1382	Craft	Salvage		0			
1481	RepairTargetItem	Repair	Repair	1	21ede8ebffb14c5580e8c7ad149e335e:4:1|5830b84bf8074caa91cf3f4dde0dd19e:1:0		7b82c125a5a54984b8bb26576b59e977
1481	Craft	Salvage		0			
1364	RepairTargetItem	Repair	Repair	3	21ede8ebffb14c5580e8c7ad149e335e:8:1|5830b84bf8074caa91cf3f4dde0dd19e:1:0		7b82c125a5a54984b8bb26576b59e977
1364	Craft	Salvage		0			
1375	RepairTargetItem	Repair	Repair	2	21ede8ebffb14c5580e8c7ad149e335e:3:1|5830b84bf8074caa91cf3f4dde0dd19e:1:0		7b82c125a5a54984b8bb26576b59e977
1375	Craft	Salvage		0			
297	RepairTargetItem	Repair	Repair	3	21ede8ebffb14c5580e8c7ad149e335e:10:1|5830b84bf8074caa91cf3f4dde0dd19e:1:0		7b82c125a5a54984b8bb26576b59e977
297	Craft	Salvage		0			
109	RepairTargetItem	Repair		0			7b82c125a5a54984b8bb26576b59e977
109	Craft	Salvage		0			
1037	RepairTargetItem	Repair	Repair	2	21ede8ebffb14c5580e8c7ad149e335e:4:1|5830b84bf8074caa91cf3f4dde0dd19e:1:0		7b82c125a5a54984b8bb26576b59e977
1037	Craft	Salvage		0			
116	RepairTargetItem	Repair	Repair	3	21ede8ebffb14c5580e8c7ad149e335e:7:1|5830b84bf8074caa91cf3f4dde0dd19e:1:0		7b82c125a5a54984b8bb26576b59e977
116	Craft	Salvage		0			
1039	RepairTargetItem	Repair		0	21ede8ebffb14c5580e8c7ad149e335e:2:1|5830b84bf8074caa91cf3f4dde0dd19e:1:0		7b82c125a5a54984b8bb26576b59e977
1039	Craft	Salvage		0			
519	RepairTargetItem	Repair	Repair	3	21ede8ebffb14c5580e8c7ad149e335e:8:1|5830b84bf8074caa91cf3f4dde0dd19e:1:0		7b82c125a5a54984b8bb26576b59e977
519	Craft	Salvage		0			
1476	RepairTargetItem	Repair		0	21ede8ebffb14c5580e8c7ad149e335e:2:1|5830b84bf8074caa91cf3f4dde0dd19e:1:0		7b82c125a5a54984b8bb26576b59e977
1476	Craft	Salvage		0			
363	RepairTargetItem	Repair	Repair	3	21ede8ebffb14c5580e8c7ad149e335e:4:1|5830b84bf8074caa91cf3f4dde0dd19e:1:0		7b82c125a5a54984b8bb26576b59e977
363	Craft	Salvage		0			
380	RepairTargetItem	Repair		0	21ede8ebffb14c5580e8c7ad149e335e:3:1|5830b84bf8074caa91cf3f4dde0dd19e:1:0		7b82c125a5a54984b8bb26576b59e977
380	Craft	Salvage		0			
1000	RepairTargetItem	Repair	Repair	2	21ede8ebffb14c5580e8c7ad149e335e:7:1|5830b84bf8074caa91cf3f4dde0dd19e:1:0		7b82c125a5a54984b8bb26576b59e977
1000	Craft	Salvage		0			
1477	RepairTargetItem	Repair	Repair	1	21ede8ebffb14c5580e8c7ad149e335e:4:1|5830b84bf8074caa91cf3f4dde0dd19e:1:0		7b82c125a5a54984b8bb26576b59e977
1477	Craft	Salvage		0			
1165	RepairTargetItem	Repair		0	21ede8ebffb14c5580e8c7ad149e335e:2:1|5830b84bf8074caa91cf3f4dde0dd19e:1:0		7b82c125a5a54984b8bb26576b59e977
1165	Craft	Salvage		0			
1377	RepairTargetItem	Repair	Repair	2	21ede8ebffb14c5580e8c7ad149e335e:3:1|5830b84bf8074caa91cf3f4dde0dd19e:1:0		7b82c125a5a54984b8bb26576b59e977
1377	Craft	Salvage		0			
126	RepairTargetItem	Repair	Repair	1	21ede8ebffb14c5580e8c7ad149e335e:5:1|5830b84bf8074caa91cf3f4dde0dd19e:1:0		7b82c125a5a54984b8bb26576b59e977
126	Craft	Salvage		0			
1337	RepairTargetItem	Repair		0	21ede8ebffb14c5580e8c7ad149e335e:2:1|5830b84bf8074caa91cf3f4dde0dd19e:1:0		7b82c125a5a54984b8bb26576b59e977
1337	Craft	Salvage		0			
1024	RepairTargetItem	Repair	Repair	2	21ede8ebffb14c5580e8c7ad149e335e:5:1|5830b84bf8074caa91cf3f4dde0dd19e:1:0		7b82c125a5a54984b8bb26576b59e977
1024	Craft	Salvage		0			
1436	RepairTargetItem	Repair		0	21ede8ebffb14c5580e8c7ad149e335e:3:1|5830b84bf8074caa91cf3f4dde0dd19e:1:0		7b82c125a5a54984b8bb26576b59e977
1436	Craft	Salvage		0			
1436	Craft		Craft	3	c5bfefd37b72416baf1941bf8253b4c6:1:1|21ede8ebffb14c5580e8c7ad149e335e:3:1|e91ff5483a0f43028046baef6de84a93:1:0		7b82c125a5a54984b8bb26576b59e977
479	RepairTargetItem	Repair		0			7b82c125a5a54984b8bb26576b59e977
479	Craft		Craft	1			7b82c125a5a54984b8bb26576b59e977
479	Craft	Salvage		0			
474	RepairTargetItem	Repair		0			7b82c125a5a54984b8bb26576b59e977
474	Craft		Craft	1			7b82c125a5a54984b8bb26576b59e977
474	Craft	Salvage		0			
480	RepairTargetItem	Repair		0			7b82c125a5a54984b8bb26576b59e977
480	Craft		Craft	1			7b82c125a5a54984b8bb26576b59e977
480	Craft	Salvage		0			
1018	RepairTargetItem	Repair	Repair	1	21ede8ebffb14c5580e8c7ad149e335e:5:1|5830b84bf8074caa91cf3f4dde0dd19e:1:0		7b82c125a5a54984b8bb26576b59e977
1018	Craft	Salvage		0			
1143	RepairTargetItem	Repair		0	21ede8ebffb14c5580e8c7ad149e335e:2:1|5830b84bf8074caa91cf3f4dde0dd19e:1:0		7b82c125a5a54984b8bb26576b59e977
1143	Craft	Salvage		0			
1143	Craft			0	c5bfefd37b72416baf1941bf8253b4c6:1:1|fd6bee4579884ee9ad0b729baf423ab1:1:0		
1447	RepairTargetItem	Repair	Repair	2	21ede8ebffb14c5580e8c7ad149e335e:4:1|5830b84bf8074caa91cf3f4dde0dd19e:1:0		7b82c125a5a54984b8bb26576b59e977
1447	Craft	Salvage		0			
101	RepairTargetItem	Repair		0			7b82c125a5a54984b8bb26576b59e977
101	Craft	Salvage		0			
300	RepairTargetItem	Repair	Repair	3	21ede8ebffb14c5580e8c7ad149e335e:8:1|5830b84bf8074caa91cf3f4dde0dd19e:1:0		7b82c125a5a54984b8bb26576b59e977
300	Craft	Salvage		0			
1441	Craft	Salvage		0			
129	RepairTargetItem	Repair	Repair	1	21ede8ebffb14c5580e8c7ad149e335e:4:1|5830b84bf8074caa91cf3f4dde0dd19e:1:0		7b82c125a5a54984b8bb26576b59e977
129	Craft	Salvage		0			
484	RepairTargetItem	Repair		0	21ede8ebffb14c5580e8c7ad149e335e:3:1|5830b84bf8074caa91cf3f4dde0dd19e:1:0		7b82c125a5a54984b8bb26576b59e977
484	Craft	Salvage		0			
1488	RepairTargetItem	Repair	Repair	1	21ede8ebffb14c5580e8c7ad149e335e:4:1|5830b84bf8074caa91cf3f4dde0dd19e:1:0		7b82c125a5a54984b8bb26576b59e977
1488	Craft	Salvage		0			
1360	RepairTargetItem	Repair	Repair	1	21ede8ebffb14c5580e8c7ad149e335e:2:1|5830b84bf8074caa91cf3f4dde0dd19e:1:0		7b82c125a5a54984b8bb26576b59e977
1360	Craft	Salvage		0			
18	RepairTargetItem	Repair	Repair	2	21ede8ebffb14c5580e8c7ad149e335e:6:1|5830b84bf8074caa91cf3f4dde0dd19e:1:0		7b82c125a5a54984b8bb26576b59e977
18	Craft	Salvage		0			
1027	RepairTargetItem	Repair	Repair	2	21ede8ebffb14c5580e8c7ad149e335e:4:1|5830b84bf8074caa91cf3f4dde0dd19e:1:0		7b82c125a5a54984b8bb26576b59e977
1027	Craft	Salvage		0			
1366	RepairTargetItem	Repair	Repair	1	21ede8ebffb14c5580e8c7ad149e335e:3:1|5830b84bf8074caa91cf3f4dde0dd19e:1:0		7b82c125a5a54984b8bb26576b59e977
1366	Craft	Salvage		0			
1041	RepairTargetItem	Repair	Repair	1	21ede8ebffb14c5580e8c7ad149e335e:4:1|5830b84bf8074caa91cf3f4dde0dd19e:1:0		7b82c125a5a54984b8bb26576b59e977
1041	Craft	Salvage		0			
122	RepairTargetItem	Repair	Repair	1	21ede8ebffb14c5580e8c7ad149e335e:3:1|5830b84bf8074caa91cf3f4dde0dd19e:1:0		7b82c125a5a54984b8bb26576b59e977
122	Craft	Salvage		0			
1009	Craft	Salvage		0			
1009	RepairTargetItem	Repair		0			2ac5ddc545a848008c0308d21f5d2e6b
433	Craft	Salvage		0			
433	RepairTargetItem	Repair		0			2ac5ddc545a848008c0308d21f5d2e6b
1388	Craft	Salvage		0			
1388	RepairTargetItem	Repair		0			2ac5ddc545a848008c0308d21f5d2e6b
1389	Craft	Salvage		0			
1389	RepairTargetItem	Repair		0			2ac5ddc545a848008c0308d21f5d2e6b
425	Craft	Salvage		0			
425	RepairTargetItem	Repair		0			2ac5ddc545a848008c0308d21f5d2e6b
426	Craft	Salvage		0			
426	RepairTargetItem	Repair		0			2ac5ddc545a848008c0308d21f5d2e6b
426	Craft			0	758d924a72f24e198ff0dfcbadae0b66:1:1		8e86b740dafc46f7bf98c5040c9b223e
1426	Craft	Salvage		0			
1426	RepairTargetItem	Repair		0			2ac5ddc545a848008c0308d21f5d2e6b
427	Craft	Salvage		0			
427	RepairTargetItem	Repair		0			2ac5ddc545a848008c0308d21f5d2e6b
427	Craft			0	758d924a72f24e198ff0dfcbadae0b66:1:1		8e86b740dafc46f7bf98c5040c9b223e
428	Craft	Salvage		0			
428	RepairTargetItem	Repair		0			2ac5ddc545a848008c0308d21f5d2e6b
428	Craft			0	758d924a72f24e198ff0dfcbadae0b66:1:1		8e86b740dafc46f7bf98c5040c9b223e
429	Craft	Salvage		0			
429	RepairTargetItem	Repair		0			2ac5ddc545a848008c0308d21f5d2e6b
429	Craft			0	758d924a72f24e198ff0dfcbadae0b66:1:1		8e86b740dafc46f7bf98c5040c9b223e
430	Craft	Salvage		0			
430	RepairTargetItem	Repair		0			2ac5ddc545a848008c0308d21f5d2e6b
430	Craft			0	758d924a72f24e198ff0dfcbadae0b66:1:1		8e86b740dafc46f7bf98c5040c9b223e
431	Craft	Salvage		0			
431	RepairTargetItem	Repair		0			2ac5ddc545a848008c0308d21f5d2e6b
432	Craft	Salvage		0			
432	RepairTargetItem	Repair		0			2ac5ddc545a848008c0308d21f5d2e6b
432	Craft			0	758d924a72f24e198ff0dfcbadae0b66:1:1		8e86b740dafc46f7bf98c5040c9b223e
239	Craft	Salvage		0			
239	RepairTargetItem	Repair		0			2ac5ddc545a848008c0308d21f5d2e6b
1428	Craft	Salvage		0			
1428	RepairTargetItem	Repair		0			2ac5ddc545a848008c0308d21f5d2e6b
1429	Craft	Salvage		0			
1429	RepairTargetItem	Repair		0			2ac5ddc545a848008c0308d21f5d2e6b
1427	Craft	Salvage		0			
1427	RepairTargetItem	Repair		0			2ac5ddc545a848008c0308d21f5d2e6b
240	Craft	Salvage		0			
240	RepairTargetItem	Repair		0			2ac5ddc545a848008c0308d21f5d2e6b
423	Craft	Salvage		0			
423	RepairTargetItem	Repair		0			2ac5ddc545a848008c0308d21f5d2e6b
244	Craft	Salvage		0			
244	RepairTargetItem	Repair		0			2ac5ddc545a848008c0308d21f5d2e6b
244	Craft			0			2ac5ddc545a848008c0308d21f5d2e6b
424	Craft	Salvage		0			
424	RepairTargetItem	Repair		0			2ac5ddc545a848008c0308d21f5d2e6b
1385	Craft	Salvage		0			
1385	RepairTargetItem	Repair		0			2ac5ddc545a848008c0308d21f5d2e6b
1472	Craft	Salvage		0			
1472	RepairTargetItem	Repair		0			2ac5ddc545a848008c0308d21f5d2e6b
241	Craft	Salvage		0			
241	RepairTargetItem	Repair		0			2ac5ddc545a848008c0308d21f5d2e6b
509	Craft	Salvage		0			
509	RepairTargetItem	Repair		0			2ac5ddc545a848008c0308d21f5d2e6b
237	Craft	Salvage		0			
237	RepairTargetItem	Repair		0			2ac5ddc545a848008c0308d21f5d2e6b
1515	Craft	Salvage		0			
1515	RepairTargetItem	Repair		0			2ac5ddc545a848008c0308d21f5d2e6b
1494	Craft	Salvage		0			
1494	RepairTargetItem	Repair		0			2ac5ddc545a848008c0308d21f5d2e6b
1356	Craft	Salvage		0			
1356	RepairTargetItem	Repair		0			2ac5ddc545a848008c0308d21f5d2e6b
1519	Craft	Salvage		0			
1519	RepairTargetItem	Repair		0			2ac5ddc545a848008c0308d21f5d2e6b
1010	Craft	Salvage		0			
1010	RepairTargetItem	Repair		0			2ac5ddc545a848008c0308d21f5d2e6b
309	Craft	Salvage		0			
309	RepairTargetItem	Repair		0			2ac5ddc545a848008c0308d21f5d2e6b
1335	Craft	Salvage		0			
1335	RepairTargetItem	Repair		0			2ac5ddc545a848008c0308d21f5d2e6b
1525	Craft	Salvage		0			
1525	RepairTargetItem	Repair		0			2ac5ddc545a848008c0308d21f5d2e6b
1504	Craft	Salvage		0			
1504	RepairTargetItem	Repair		0			2ac5ddc545a848008c0308d21f5d2e6b
1359	Craft	Salvage		0			
1359	RepairTargetItem	Repair		0			2ac5ddc545a848008c0308d21f5d2e6b
225	Craft	Salvage		0			
225	RepairTargetItem	Repair		0			2ac5ddc545a848008c0308d21f5d2e6b
1996	Craft	Salvage		0			
1996	RepairTargetItem	Repair		0			2ac5ddc545a848008c0308d21f5d2e6b
313	Craft	Salvage		0			
313	RepairTargetItem	Repair		0			2ac5ddc545a848008c0308d21f5d2e6b
27	Craft	Salvage		0			
27	RepairTargetItem	Repair		0			2ac5ddc545a848008c0308d21f5d2e6b
192	Craft	Salvage		0			
192	RepairTargetItem	Repair		0			2ac5ddc545a848008c0308d21f5d2e6b
193	Craft	Salvage		0			
193	RepairTargetItem	Repair		0			2ac5ddc545a848008c0308d21f5d2e6b
193	Craft			0	b5c5c8295a1d461fa92b027827df82ea:1:1		8e86b740dafc46f7bf98c5040c9b223e
194	Craft	Salvage		0			
194	RepairTargetItem	Repair		0			2ac5ddc545a848008c0308d21f5d2e6b
194	Craft			0	b5c5c8295a1d461fa92b027827df82ea:1:1		8e86b740dafc46f7bf98c5040c9b223e
195	Craft	Salvage		0			
195	RepairTargetItem	Repair		0			2ac5ddc545a848008c0308d21f5d2e6b
195	Craft			0	b5c5c8295a1d461fa92b027827df82ea:1:1		8e86b740dafc46f7bf98c5040c9b223e
196	Craft	Salvage		0			
196	RepairTargetItem	Repair		0			2ac5ddc545a848008c0308d21f5d2e6b
196	Craft			0	b5c5c8295a1d461fa92b027827df82ea:1:1		8e86b740dafc46f7bf98c5040c9b223e
197	Craft	Salvage		0			
197	RepairTargetItem	Repair		0			2ac5ddc545a848008c0308d21f5d2e6b
197	Craft			0	b5c5c8295a1d461fa92b027827df82ea:1:1		8e86b740dafc46f7bf98c5040c9b223e
198	Craft	Salvage		0			
198	RepairTargetItem	Repair		0			2ac5ddc545a848008c0308d21f5d2e6b
199	Craft	Salvage		0			
199	RepairTargetItem	Repair		0			2ac5ddc545a848008c0308d21f5d2e6b
199	Craft			0	b5c5c8295a1d461fa92b027827df82ea:1:1		8e86b740dafc46f7bf98c5040c9b223e
108	FillTargetItem			0			
108	FillTargetItem			0			
108	Craft	Salvage		0	this:1:1		
347	RepairTargetItem	Repair		0			
347	Craft	Salvage		0	this:1:1		
351	Craft			0			
351	Craft	Salvage		0	this:1:1		
1209	Craft		Craft	2			
1209	Craft	Salvage		0	this:1:1		
348	Craft			0			
348	Craft	Salvage		0	this:1:1		
352	Craft			0			
352	Craft	Salvage		0	this:1:1		
1022	FillTargetItem			0			
1022	FillTargetItem			0			
1022	Craft	Salvage		0	this:1:1		
1485	FillTargetItem			0			
1485	FillTargetItem			0			
1485	Craft	Salvage		0	this:1:1		
1371	FillTargetItem			0			
1371	FillTargetItem			0			
1371	Craft	Salvage		0	this:1:1		
1381	FillTargetItem			0			
1381	FillTargetItem			0			
1381	Craft	Salvage		0	this:1:1		
100	FillTargetItem			0			
100	FillTargetItem			0			
100	FillTargetItem			0			
100	Craft	Salvage		0	this:1:1		
1006	FillTargetItem			0			
1006	FillTargetItem			0			
1006	FillTargetItem			0			
1006	Craft	Salvage		0	this:1:1		
98	FillTargetItem			0			
98	FillTargetItem			0			
98	Craft	Salvage		0	this:1:1		
489	FillTargetItem			0			
489	FillTargetItem			0			
489	Craft	Salvage		0	this:1:1		
133	FillTargetItem			0			
133	FillTargetItem			0			
133	Craft	Salvage		0	this:1:1		
1384	FillTargetItem			0			
1384	FillTargetItem			0			
1384	Craft	Salvage		0	this:1:1		
1483	FillTargetItem			0			
1483	FillTargetItem			0			
1483	Craft	Salvage		0	this:1:1		
1365	FillTargetItem			0			
1365	FillTargetItem			0			
1365	FillTargetItem			0			
1365	Craft	Salvage		0	this:1:1		
298	FillTargetItem			0			
298	FillTargetItem			0			
298	Craft	Salvage		0	this:1:1		
111	FillTargetItem			0			
111	FillTargetItem			0			
111	Craft	Salvage		0	this:1:1		
1395	FillTargetItem			0			
1395	FillTargetItem			0			
1395	FillTargetItem			0			
1395	Craft	Salvage		0	this:1:1		
1040	FillTargetItem			0			
1040	FillTargetItem			0			
1040	Craft	Salvage		0	this:1:1		
1487	FillTargetItem			0			
1487	FillTargetItem			0			
1487	Craft	Salvage		0	this:1:1		
1003	FillTargetItem			0			
1003	FillTargetItem			0			
1003	FillTargetItem			0			
1003	Craft	Salvage		0	this:1:1		
1005	FillTargetItem			0			
1005	FillTargetItem			0			
1005	FillTargetItem			0			
1005	Craft	Salvage		0	this:1:1		
17	FillTargetItem			0			
17	FillTargetItem			0			
17	FillTargetItem			0			
17	FillTargetItem			0			
17	Craft	Salvage		0	this:1:1		
6	FillTargetItem			0			
6	FillTargetItem			0			
6	FillTargetItem			0			
6	FillTargetItem			0			
6	Craft	Salvage		0	this:1:1		
1200	FillTargetItem			0			
1200	Craft	Salvage		0	this:1:1		
1177	FillTargetItem			0			
1177	Craft	Salvage		0	this:1:1		
1302	Craft	Salvage	Craft	2			
1479	FillTargetItem			0			
1479	FillTargetItem			0			
1479	Craft	Salvage		0	this:1:1		
1166	FillTargetItem			0			
1166	Craft			0			
1166	Craft	Salvage		0	this:1:1		
127	FillTargetItem			0			
127	FillTargetItem			0			
127	Craft	Salvage		0	this:1:1		
1339	FillTargetItem			0			
1339	Craft	Salvage		0	this:1:1		
1340	FillTargetItem			0			
1340	Craft	Salvage		0	this:1:1		
1341	FillTargetItem			0			
1341	Craft	Salvage		0	this:1:1		
1342	FillTargetItem			0			
1342	Craft	Salvage		0	this:1:1		
1343	FillTargetItem			0			
1343	Craft	Salvage		0	this:1:1		
1344	FillTargetItem			0			
1344	Craft	Salvage		0	this:1:1		
1026	FillTargetItem			0			
1026	FillTargetItem			0			
1026	Craft	Salvage		0	this:1:1		
301	Craft	Salvage		0	this:1:1		
123	FillTargetItem			0			
123	FillTargetItem			0			
123	FillTargetItem			0			
123	Craft	Salvage		0	this:1:1		
125	FillTargetItem			0			
125	FillTargetItem			0			
125	FillTargetItem			0			
125	Craft	Salvage		0	this:1:1		
478	FillTargetItem			0			
478	FillTargetItem			0			
478	Craft		Craft	1			
478	Craft	Salvage		0	this:1:1		
520	Craft		Craft	2			
1020	FillTargetItem			0			
1020	FillTargetItem			0			
1020	Craft	Salvage		0	this:1:1		
1449	FillTargetItem			0			
1449	FillTargetItem			0			
1449	Craft	Salvage		0	this:1:1		
103	FillTargetItem			0			
103	FillTargetItem			0			
103	Craft	Salvage		0	this:1:1		
1443	FillTargetItem			0			
1443	Craft	Salvage		0	this:1:1		
381	FillTargetItem			0			
381	Craft	Salvage		0	this:1:1		
113	FillTargetItem			0			
113	Craft	Salvage		0	this:1:1		
130	FillTargetItem			0			
130	FillTargetItem			0			
130	Craft	Salvage		0	this:1:1		
485	FillTargetItem			0			
485	FillTargetItem			0			
485	Craft	Salvage		0	this:1:1		
1490	FillTargetItem			0			
1490	FillTargetItem			0			
1490	FillTargetItem			0			
1490	FillTargetItem			0			
1490	Craft	Salvage		0	this:1:1		
1361	FillTargetItem			0			
1361	FillTargetItem			0			
1361	Craft	Salvage		0	this:1:1		
20	FillTargetItem			0			
20	FillTargetItem			0			
20	Craft	Salvage		0	this:1:1		
1029	FillTargetItem			0			
1029	FillTargetItem			0			
1029	Craft	Salvage		0	this:1:1		
1368	FillTargetItem			0			
1368	FillTargetItem			0			
1368	Craft	Salvage		0	this:1:1		
1042	FillTargetItem			0			
1042	FillTargetItem			0			
1042	Craft	Salvage		0	this:1:1		
1175	Craft	Salvage		0			
1508	Craft	Salvage		0			
1176	Craft	Salvage		0			
434	Craft	Salvage		0			
434	RepairTargetItem	Repair		0			2ac5ddc545a848008c0308d21f5d2e6b
435	Craft	Salvage		0			
435	RepairTargetItem	Repair		0			2ac5ddc545a848008c0308d21f5d2e6b
435	Craft			0	1190ef72e1924e87988a60034d86ec33:1:1		8e86b740dafc46f7bf98c5040c9b223e
436	Craft	Salvage		0			
436	RepairTargetItem	Repair		0			2ac5ddc545a848008c0308d21f5d2e6b
436	Craft			0	1190ef72e1924e87988a60034d86ec33:1:1		8e86b740dafc46f7bf98c5040c9b223e
437	Craft	Salvage		0			
437	RepairTargetItem	Repair		0			2ac5ddc545a848008c0308d21f5d2e6b
437	Craft			0	1190ef72e1924e87988a60034d86ec33:1:1		8e86b740dafc46f7bf98c5040c9b223e
438	Craft	Salvage		0			
438	RepairTargetItem	Repair		0			2ac5ddc545a848008c0308d21f5d2e6b
438	Craft			0	1190ef72e1924e87988a60034d86ec33:1:1		8e86b740dafc46f7bf98c5040c9b223e
439	Craft	Salvage		0			
439	RepairTargetItem	Repair		0			2ac5ddc545a848008c0308d21f5d2e6b
439	Craft			0	1190ef72e1924e87988a60034d86ec33:1:1		8e86b740dafc46f7bf98c5040c9b223e
440	Craft	Salvage		0			
440	RepairTargetItem	Repair		0			2ac5ddc545a848008c0308d21f5d2e6b
441	Craft	Salvage		0			
441	RepairTargetItem	Repair		0			2ac5ddc545a848008c0308d21f5d2e6b
441	Craft			0	1190ef72e1924e87988a60034d86ec33:1:1		8e86b740dafc46f7bf98c5040c9b223e
185	Craft	Salvage		0			
185	RepairTargetItem	Repair		0			2ac5ddc545a848008c0308d21f5d2e6b
186	Craft	Salvage		0			
186	RepairTargetItem	Repair		0			2ac5ddc545a848008c0308d21f5d2e6b
186	Craft			0	b973f4978e544907a3715e48bed9d096:1:1		8e86b740dafc46f7bf98c5040c9b223e
187	Craft	Salvage		0			
187	RepairTargetItem	Repair		0			2ac5ddc545a848008c0308d21f5d2e6b
187	Craft			0	b973f4978e544907a3715e48bed9d096:1:1		8e86b740dafc46f7bf98c5040c9b223e
188	Craft	Salvage		0			
188	RepairTargetItem	Repair		0			2ac5ddc545a848008c0308d21f5d2e6b
188	Craft			0	b973f4978e544907a3715e48bed9d096:1:1		8e86b740dafc46f7bf98c5040c9b223e
189	Craft	Salvage		0			
189	RepairTargetItem	Repair		0			2ac5ddc545a848008c0308d21f5d2e6b
189	Craft			0	b973f4978e544907a3715e48bed9d096:1:1		8e86b740dafc46f7bf98c5040c9b223e
11	Craft	Salvage		0			
11	RepairTargetItem	Repair		0			2ac5ddc545a848008c0308d21f5d2e6b
11	Craft			0	b973f4978e544907a3715e48bed9d096:1:1		8e86b740dafc46f7bf98c5040c9b223e
190	Craft	Salvage		0			
190	RepairTargetItem	Repair		0			2ac5ddc545a848008c0308d21f5d2e6b
191	Craft	Salvage		0			
191	RepairTargetItem	Repair		0			2ac5ddc545a848008c0308d21f5d2e6b
191	Craft			0	b973f4978e544907a3715e48bed9d096:1:1		8e86b740dafc46f7bf98c5040c9b223e
1017	Craft	Salvage		0			
1446	Craft	Salvage		0			
1270	Craft	Salvage		0			
1048	Craft	Salvage		0			
1048	RepairTargetItem	Repair		0			2ac5ddc545a848008c0308d21f5d2e6b
387	Craft		Craft	2			99896da563a748148460c67b9962874f
95	Craft			0			
394	Craft			0			99896da563a748148460c67b9962874f
394	Craft			0	8d840f701cc645789d4dc0765b461a2a:1:0|e0503457d87b4230bfa78350c79d16ec:1:1|7aee55ea2abf4f3fb70c4b2677da0e14:1:1		
15	Craft		Craft	2			99896da563a748148460c67b9962874f
388	Craft		Craft	1			99896da563a748148460c67b9962874f
393	Craft			0			
96	Craft			0			
269	Craft		Craft	3			99896da563a748148460c67b9962874f
16	RepairTargetItem	Repair		0			7b82c125a5a54984b8bb26576b59e977
16	Craft	Salvage		0			
104	RepairTargetItem	Repair		0			7b82c125a5a54984b8bb26576b59e977
104	Craft	Salvage		0			
1198	RepairTargetItem	Repair		0			7b82c125a5a54984b8bb26576b59e977
1198	Craft	Salvage		0			
105	RepairTargetItem	Repair		0			7b82c125a5a54984b8bb26576b59e977
105	Craft	Salvage		0			
1023	RepairTargetItem	Repair		0			7b82c125a5a54984b8bb26576b59e977
1023	Craft	Salvage		0			
76	RepairTargetItem	Repair		0			7b82c125a5a54984b8bb26576b59e977
76	Craft	Salvage		0			
490	RepairTargetItem	Repair		0			7b82c125a5a54984b8bb26576b59e977
490	Craft	Salvage		0			
1032	RepairTargetItem	Repair		0			7b82c125a5a54984b8bb26576b59e977
1032	Craft	Salvage		0			
1390	RepairTargetItem	Repair		0			7b82c125a5a54984b8bb26576b59e977
1390	Craft	Salvage		0			
276	RepairTargetItem	Repair		0			7b82c125a5a54984b8bb26576b59e977
276	Craft	Salvage		0			
135	RepairTargetItem	Repair		0			7b82c125a5a54984b8bb26576b59e977
135	Craft	Salvage		0			
138	RepairTargetItem	Repair		0			7b82c125a5a54984b8bb26576b59e977
138	Craft	Salvage		0			
106	RepairTargetItem	Repair		0			7b82c125a5a54984b8bb26576b59e977
106	Craft	Salvage		0			
1475	RepairTargetItem	Repair		0			7b82c125a5a54984b8bb26576b59e977
1475	Craft	Salvage		0			
1036	RepairTargetItem	Repair		0			7b82c125a5a54984b8bb26576b59e977
1036	Craft	Salvage		0			
137	RepairTargetItem	Repair		0			7b82c125a5a54984b8bb26576b59e977
137	Craft	Salvage		0			
140	RepairTargetItem	Repair		0			7b82c125a5a54984b8bb26576b59e977
140	Craft	Salvage		0			
120	RepairTargetItem	Repair		0			7b82c125a5a54984b8bb26576b59e977
120	Craft	Salvage		0			
121	RepairTargetItem	Repair		0			7b82c125a5a54984b8bb26576b59e977
121	Craft	Salvage		0			
139	RepairTargetItem	Repair		0			7b82c125a5a54984b8bb26576b59e977
139	Craft	Salvage		0			
1035	RepairTargetItem	Repair		0			7b82c125a5a54984b8bb26576b59e977
1035	Craft	Salvage		0			
487	Craft		Craft	1			
487	RepairTargetItem	Repair		0			7b82c125a5a54984b8bb26576b59e977
487	Craft	Salvage		0			
1033	RepairTargetItem	Repair		0			7b82c125a5a54984b8bb26576b59e977
1033	Craft	Salvage		0			
1030	RepairTargetItem	Repair		0			7b82c125a5a54984b8bb26576b59e977
1030	Craft	Salvage		0			
1867	Craft		Craft	3	4d72899b4e9645cbb887e6d49a668ae2:1:0|7f06b16642724683bd61584a52fde981:4:1|46218740c256475b87dbc6a2e9a1fb19:10:1|01ee4903b12b4998aa0ad5d7a0a567ba:2:1|ae1fc8674d0b4443b3ad9a68776dcf0f:3:1|19bcff41cf5b4e6ab3149884f0f9fe3b:1:1		7b82c125a5a54984b8bb26576b59e977
1867	RepairTargetItem	Repair		0			7b82c125a5a54984b8bb26576b59e977
1867	Craft	Salvage		0			
1034	RepairTargetItem	Repair		0			7b82c125a5a54984b8bb26576b59e977
1034	Craft	Salvage		0			
142	RepairTargetItem	Repair		0			7b82c125a5a54984b8bb26576b59e977
142	Craft	Salvage		0			
141	Craft			0			
141	RepairTargetItem	Repair		0			7b82c125a5a54984b8bb26576b59e977
141	Craft	Salvage		0			
1174	RepairTargetItem	Repair		0			7b82c125a5a54984b8bb26576b59e977
1174	Craft	Salvage		0			
1031	RepairTargetItem	Repair		0			7b82c125a5a54984b8bb26576b59e977
1031	Craft	Salvage		0			
136	RepairTargetItem	Repair		0			7b82c125a5a54984b8bb26576b59e977
136	Craft	Salvage		0			
1704	RepairTargetItem	Repair		0			7b82c125a5a54984b8bb26576b59e977
1704	Craft	Salvage		0			
1693	RepairTargetItem	Repair		0			7b82c125a5a54984b8bb26576b59e977
1693	Craft	Salvage		0			
1503	RepairTargetItem	Repair		0			7b82c125a5a54984b8bb26576b59e977
1503	Craft	Salvage		0			
333	Craft	Salvage		0			
1016	Craft	Salvage		0			
1016	RepairTargetItem	Repair		0			2ac5ddc545a848008c0308d21f5d2e6b
209	Craft	Salvage		0			
209	RepairTargetItem	Repair		0			2ac5ddc545a848008c0308d21f5d2e6b
227	Craft	Salvage		0			
227	RepairTargetItem	Repair		0			2ac5ddc545a848008c0308d21f5d2e6b
231	Craft	Salvage		0			
231	RepairTargetItem	Repair		0			2ac5ddc545a848008c0308d21f5d2e6b
1419	Craft	Salvage		0			
1419	RepairTargetItem	Repair		0			2ac5ddc545a848008c0308d21f5d2e6b
1463	Craft	Salvage		0			
1463	RepairTargetItem	Repair		0			2ac5ddc545a848008c0308d21f5d2e6b
213	Craft	Salvage		0			
213	RepairTargetItem	Repair		0			2ac5ddc545a848008c0308d21f5d2e6b
228	Craft	Salvage		0			
228	RepairTargetItem	Repair		0			2ac5ddc545a848008c0308d21f5d2e6b
1180	Craft	Salvage		0			
1180	RepairTargetItem	Repair		0			2ac5ddc545a848008c0308d21f5d2e6b
408	Craft	Salvage		0			
408	RepairTargetItem	Repair		0			2ac5ddc545a848008c0308d21f5d2e6b
243	Craft	Salvage		0			
243	RepairTargetItem	Repair		0			2ac5ddc545a848008c0308d21f5d2e6b
1474	Craft	Salvage		0			
1474	RepairTargetItem	Repair		0			2ac5ddc545a848008c0308d21f5d2e6b
234	Craft	Salvage		0			
234	RepairTargetItem	Repair		0			2ac5ddc545a848008c0308d21f5d2e6b
511	Craft	Salvage		0			
511	RepairTargetItem	Repair		0			2ac5ddc545a848008c0308d21f5d2e6b
236	Craft	Salvage		0			
236	RepairTargetItem	Repair		0			2ac5ddc545a848008c0308d21f5d2e6b
1513	Craft	Salvage		0			
1513	RepairTargetItem	Repair		0			2ac5ddc545a848008c0308d21f5d2e6b
1493	Craft	Salvage		0			
1493	RepairTargetItem	Repair		0			2ac5ddc545a848008c0308d21f5d2e6b
1355	Craft	Salvage		0			
1355	RepairTargetItem	Repair		0			2ac5ddc545a848008c0308d21f5d2e6b
315	Craft	Salvage		0			
315	RepairTargetItem	Repair		0			2ac5ddc545a848008c0308d21f5d2e6b
208	Craft	Salvage		0			
208	RepairTargetItem	Repair		0			2ac5ddc545a848008c0308d21f5d2e6b
548	Craft	Salvage		0			
548	RepairTargetItem	Repair		0			2ac5ddc545a848008c0308d21f5d2e6b
207	Craft	Salvage		0			
207	RepairTargetItem	Repair		0			2ac5ddc545a848008c0308d21f5d2e6b
2	Craft	Salvage		0			
2	RepairTargetItem	Repair		0			2ac5ddc545a848008c0308d21f5d2e6b
1506	Craft	Salvage		0			
1506	RepairTargetItem	Repair		0			2ac5ddc545a848008c0308d21f5d2e6b
212	Craft	Salvage		0			
212	RepairTargetItem	Repair		0			2ac5ddc545a848008c0308d21f5d2e6b
226	Craft	Salvage		0			
226	RepairTargetItem	Repair		0			2ac5ddc545a848008c0308d21f5d2e6b
518	Craft			0			2ac5ddc545a848008c0308d21f5d2e6b
518	RepairTargetItem	Repair		0			2ac5ddc545a848008c0308d21f5d2e6b
518	Craft	Salvage		0			
1499	Craft	Salvage		0			
1499	RepairTargetItem	Repair		0			2ac5ddc545a848008c0308d21f5d2e6b
406	Craft	Salvage		0			
406	RepairTargetItem	Repair		0			2ac5ddc545a848008c0308d21f5d2e6b
312	Craft	Salvage		0			
312	RepairTargetItem	Repair		0			2ac5ddc545a848008c0308d21f5d2e6b
1517	Craft	Salvage		0			
1517	RepairTargetItem	Repair		0			2ac5ddc545a848008c0308d21f5d2e6b
1012	Craft	Salvage		0			
1012	RepairTargetItem	Repair		0			2ac5ddc545a848008c0308d21f5d2e6b
308	Craft	Salvage		0			
308	RepairTargetItem	Repair		0			2ac5ddc545a848008c0308d21f5d2e6b
1334	Craft	Salvage		0			
1334	RepairTargetItem	Repair		0			2ac5ddc545a848008c0308d21f5d2e6b
224	Craft	Salvage		0			
224	RepairTargetItem	Repair		0			2ac5ddc545a848008c0308d21f5d2e6b
304	Craft	Salvage		0			
304	RepairTargetItem	Repair		0			2ac5ddc545a848008c0308d21f5d2e6b
1995	Craft	Salvage		0			
1995	RepairTargetItem	Repair		0			2ac5ddc545a848008c0308d21f5d2e6b
305	Craft	Salvage		0			
305	RepairTargetItem	Repair		0			2ac5ddc545a848008c0308d21f5d2e6b
1172	Craft	Salvage		0			
1172	RepairTargetItem	Repair		0			2ac5ddc545a848008c0308d21f5d2e6b
1839	Craft	Salvage		0			
1839	RepairTargetItem	Repair		0			2ac5ddc545a848008c0308d21f5d2e6b
1839	Craft			0			2ac5ddc545a848008c0308d21f5d2e6b
1839	Craft			0			2ac5ddc545a848008c0308d21f5d2e6b
422	Craft	Salvage		0			
422	RepairTargetItem	Repair		0			2ac5ddc545a848008c0308d21f5d2e6b
1157	Craft	Salvage		0			
1157	RepairTargetItem	Repair		0			2ac5ddc545a848008c0308d21f5d2e6b
1392	Craft	Salvage		0			
1392	RepairTargetItem	Repair		0			2ac5ddc545a848008c0308d21f5d2e6b
214	Craft	Salvage		0			
214	RepairTargetItem	Repair		0			2ac5ddc545a848008c0308d21f5d2e6b
229	Craft	Salvage		0			
229	RepairTargetItem	Repair		0			2ac5ddc545a848008c0308d21f5d2e6b
1454	Craft	Salvage		0			
1454	RepairTargetItem	Repair		0			2ac5ddc545a848008c0308d21f5d2e6b
1455	Craft	Salvage		0			
1455	RepairTargetItem	Repair		0			2ac5ddc545a848008c0308d21f5d2e6b
1455	Craft			0	8df8a93797dd4aea8dce8bbc60ea44c3:1:1		8e86b740dafc46f7bf98c5040c9b223e
1456	Craft	Salvage		0			
1456	RepairTargetItem	Repair		0			2ac5ddc545a848008c0308d21f5d2e6b
1456	Craft			0	8df8a93797dd4aea8dce8bbc60ea44c3:1:1		8e86b740dafc46f7bf98c5040c9b223e
1457	Craft	Salvage		0			
1457	RepairTargetItem	Repair		0			2ac5ddc545a848008c0308d21f5d2e6b
1457	Craft			0	8df8a93797dd4aea8dce8bbc60ea44c3:1:1		8e86b740dafc46f7bf98c5040c9b223e
1458	Craft	Salvage		0			
1458	RepairTargetItem	Repair		0			2ac5ddc545a848008c0308d21f5d2e6b
1458	Craft			0	8df8a93797dd4aea8dce8bbc60ea44c3:1:1		8e86b740dafc46f7bf98c5040c9b223e
1459	Craft	Salvage		0			
1459	RepairTargetItem	Repair		0			2ac5ddc545a848008c0308d21f5d2e6b
1459	Craft			0	8df8a93797dd4aea8dce8bbc60ea44c3:1:1		8e86b740dafc46f7bf98c5040c9b223e
1460	Craft	Salvage		0			
1460	RepairTargetItem	Repair		0			2ac5ddc545a848008c0308d21f5d2e6b
1461	Craft	Salvage		0			
1461	RepairTargetItem	Repair		0			2ac5ddc545a848008c0308d21f5d2e6b
1461	Craft			0	8df8a93797dd4aea8dce8bbc60ea44c3:1:1		8e86b740dafc46f7bf98c5040c9b223e
1387	Craft	Salvage		0			
1387	RepairTargetItem	Repair		0			2ac5ddc545a848008c0308d21f5d2e6b
482	Craft		Craft	1			
482	RepairTargetItem	Repair		0			
481	Craft		Craft	1			
481	RepairTargetItem	Repair		0			
483	Craft		Craft	1			
483	RepairTargetItem	Repair		0			
337	RepairTargetItem	Repair		0			
337	Craft	Salvage		0			
1015	Craft	Salvage		0			
1015	RepairTargetItem	Repair		0			2ac5ddc545a848008c0308d21f5d2e6b
230	Craft	Salvage		0			
230	RepairTargetItem	Repair		0			2ac5ddc545a848008c0308d21f5d2e6b
1424	Craft	Salvage		0			
1424	RepairTargetItem	Repair		0			2ac5ddc545a848008c0308d21f5d2e6b
1423	Craft	Salvage		0			
1423	RepairTargetItem	Repair		0			2ac5ddc545a848008c0308d21f5d2e6b
1420	Craft	Salvage		0			
1420	RepairTargetItem	Repair		0			2ac5ddc545a848008c0308d21f5d2e6b
1421	Craft	Salvage		0			
1421	RepairTargetItem	Repair		0			2ac5ddc545a848008c0308d21f5d2e6b
1422	Craft	Salvage		0			
1422	RepairTargetItem	Repair		0			2ac5ddc545a848008c0308d21f5d2e6b
1462	Craft	Salvage		0			
1462	RepairTargetItem	Repair		0			2ac5ddc545a848008c0308d21f5d2e6b
232	Craft	Salvage		0			
232	RepairTargetItem	Repair		0			2ac5ddc545a848008c0308d21f5d2e6b
1179	Craft	Salvage		0			
1179	RepairTargetItem	Repair		0			2ac5ddc545a848008c0308d21f5d2e6b
407	Craft	Salvage		0			
407	RepairTargetItem	Repair		0			2ac5ddc545a848008c0308d21f5d2e6b
242	Craft	Salvage		0			
242	RepairTargetItem	Repair		0			2ac5ddc545a848008c0308d21f5d2e6b
1473	Craft	Salvage		0			
1473	RepairTargetItem	Repair		0			2ac5ddc545a848008c0308d21f5d2e6b
233	Craft	Salvage		0			
233	RepairTargetItem	Repair		0			2ac5ddc545a848008c0308d21f5d2e6b
510	Craft	Salvage		0			
510	RepairTargetItem	Repair		0			2ac5ddc545a848008c0308d21f5d2e6b
235	Craft	Salvage		0			
235	RepairTargetItem	Repair		0			2ac5ddc545a848008c0308d21f5d2e6b
1512	Craft	Salvage		0			
1512	RepairTargetItem	Repair		0			2ac5ddc545a848008c0308d21f5d2e6b
1492	Craft	Salvage		0			
1492	RepairTargetItem	Repair		0			2ac5ddc545a848008c0308d21f5d2e6b
1354	Craft	Salvage		0			
1354	RepairTargetItem	Repair		0			2ac5ddc545a848008c0308d21f5d2e6b
314	Craft	Salvage		0			
314	RepairTargetItem	Repair		0			2ac5ddc545a848008c0308d21f5d2e6b
181	Craft	Salvage		0			
181	RepairTargetItem	Repair		0			2ac5ddc545a848008c0308d21f5d2e6b
173	Craft	Salvage		0			
173	RepairTargetItem	Repair		0			2ac5ddc545a848008c0308d21f5d2e6b
173	Craft			0	1c3d496df33b45c6991cdbe0ef176386:1:1		8e86b740dafc46f7bf98c5040c9b223e
161	Craft	Salvage		0			
161	RepairTargetItem	Repair		0			2ac5ddc545a848008c0308d21f5d2e6b
161	Craft			0	1c3d496df33b45c6991cdbe0ef176386:1:1		8e86b740dafc46f7bf98c5040c9b223e
3	Craft	Salvage		0			
3	RepairTargetItem	Repair		0			2ac5ddc545a848008c0308d21f5d2e6b
3	Craft			0	1c3d496df33b45c6991cdbe0ef176386:1:1		8e86b740dafc46f7bf98c5040c9b223e
157	Craft	Salvage		0			
157	RepairTargetItem	Repair		0			2ac5ddc545a848008c0308d21f5d2e6b
157	Craft			0	1c3d496df33b45c6991cdbe0ef176386:1:1		8e86b740dafc46f7bf98c5040c9b223e
165	Craft	Salvage		0			
165	RepairTargetItem	Repair		0			2ac5ddc545a848008c0308d21f5d2e6b
165	Craft			0	1c3d496df33b45c6991cdbe0ef176386:1:1		8e86b740dafc46f7bf98c5040c9b223e
177	Craft	Salvage		0			
177	RepairTargetItem	Repair		0			2ac5ddc545a848008c0308d21f5d2e6b
169	Craft	Salvage		0			
169	RepairTargetItem	Repair		0			2ac5ddc545a848008c0308d21f5d2e6b
169	Craft			0	1c3d496df33b45c6991cdbe0ef176386:1:1		8e86b740dafc46f7bf98c5040c9b223e
1505	Craft	Salvage		0			
1505	RepairTargetItem	Repair		0			2ac5ddc545a848008c0308d21f5d2e6b
517	Craft			0			2ac5ddc545a848008c0308d21f5d2e6b
517	RepairTargetItem	Repair		0			2ac5ddc545a848008c0308d21f5d2e6b
517	Craft	Salvage		0			
1498	Craft	Salvage		0			
1498	RepairTargetItem	Repair		0			2ac5ddc545a848008c0308d21f5d2e6b
405	Craft	Salvage		0			
405	RepairTargetItem	Repair		0			2ac5ddc545a848008c0308d21f5d2e6b
311	Craft	Salvage		0			
311	RepairTargetItem	Repair		0			2ac5ddc545a848008c0308d21f5d2e6b
1516	Craft	Salvage		0			
1516	RepairTargetItem	Repair		0			2ac5ddc545a848008c0308d21f5d2e6b
1011	Craft	Salvage		0			
1011	RepairTargetItem	Repair		0			2ac5ddc545a848008c0308d21f5d2e6b
307	Craft	Salvage		0			
307	RepairTargetItem	Repair		0			2ac5ddc545a848008c0308d21f5d2e6b
1491	Craft	Salvage		0			
1491	RepairTargetItem	Repair		0			2ac5ddc545a848008c0308d21f5d2e6b
1333	Craft	Salvage		0			
1333	RepairTargetItem	Repair		0			2ac5ddc545a848008c0308d21f5d2e6b
182	Craft	Salvage		0			
182	RepairTargetItem	Repair		0			2ac5ddc545a848008c0308d21f5d2e6b
174	Craft	Salvage		0			
174	RepairTargetItem	Repair		0			2ac5ddc545a848008c0308d21f5d2e6b
174	Craft			0	889d6e72eeb14badba980c4a8cda2bf0:1:1		8e86b740dafc46f7bf98c5040c9b223e
162	Craft	Salvage		0			
162	RepairTargetItem	Repair		0			2ac5ddc545a848008c0308d21f5d2e6b
162	Craft			0	889d6e72eeb14badba980c4a8cda2bf0:1:1		8e86b740dafc46f7bf98c5040c9b223e
156	Craft	Salvage		0			
156	RepairTargetItem	Repair		0			2ac5ddc545a848008c0308d21f5d2e6b
156	Craft			0	889d6e72eeb14badba980c4a8cda2bf0:1:1		8e86b740dafc46f7bf98c5040c9b223e
160	Craft	Salvage		0			
160	RepairTargetItem	Repair		0			2ac5ddc545a848008c0308d21f5d2e6b
160	Craft			0	889d6e72eeb14badba980c4a8cda2bf0:1:1		8e86b740dafc46f7bf98c5040c9b223e
166	Craft	Salvage		0			
166	RepairTargetItem	Repair		0			2ac5ddc545a848008c0308d21f5d2e6b
166	Craft			0	889d6e72eeb14badba980c4a8cda2bf0:1:1		8e86b740dafc46f7bf98c5040c9b223e
178	Craft	Salvage		0			
178	RepairTargetItem	Repair		0			2ac5ddc545a848008c0308d21f5d2e6b
170	Craft	Salvage		0			
170	RepairTargetItem	Repair		0			2ac5ddc545a848008c0308d21f5d2e6b
170	Craft			0	889d6e72eeb14badba980c4a8cda2bf0:1:1		8e86b740dafc46f7bf98c5040c9b223e
1358	Craft	Salvage		0			
1358	RepairTargetItem	Repair		0			2ac5ddc545a848008c0308d21f5d2e6b
211	Craft	Salvage		0			
211	RepairTargetItem	Repair		0			2ac5ddc545a848008c0308d21f5d2e6b
223	Craft	Salvage		0			
223	RepairTargetItem	Repair		0			2ac5ddc545a848008c0308d21f5d2e6b
303	Craft	Salvage		0			
303	RepairTargetItem	Repair		0			2ac5ddc545a848008c0308d21f5d2e6b
1994	Craft	Salvage		0			
1994	RepairTargetItem	Repair		0			2ac5ddc545a848008c0308d21f5d2e6b
306	Craft	Salvage		0			
306	RepairTargetItem	Repair		0			2ac5ddc545a848008c0308d21f5d2e6b
183	Craft	Salvage		0			
183	RepairTargetItem	Repair		0			2ac5ddc545a848008c0308d21f5d2e6b
175	Craft	Salvage		0			
175	RepairTargetItem	Repair		0			2ac5ddc545a848008c0308d21f5d2e6b
175	Craft			0	20ad7b951cd844ebabd0071ea27c312f:1:1		8e86b740dafc46f7bf98c5040c9b223e
163	Craft	Salvage		0			
163	RepairTargetItem	Repair		0			2ac5ddc545a848008c0308d21f5d2e6b
163	Craft			0	20ad7b951cd844ebabd0071ea27c312f:1:1		8e86b740dafc46f7bf98c5040c9b223e
154	Craft	Salvage		0			
154	RepairTargetItem	Repair		0			2ac5ddc545a848008c0308d21f5d2e6b
154	Craft			0	20ad7b951cd844ebabd0071ea27c312f:1:1		8e86b740dafc46f7bf98c5040c9b223e
158	Craft	Salvage		0			
158	RepairTargetItem	Repair		0			2ac5ddc545a848008c0308d21f5d2e6b
158	Craft			0	20ad7b951cd844ebabd0071ea27c312f:1:1		8e86b740dafc46f7bf98c5040c9b223e
167	Craft	Salvage		0			
167	RepairTargetItem	Repair		0			2ac5ddc545a848008c0308d21f5d2e6b
167	Craft			0	20ad7b951cd844ebabd0071ea27c312f:1:1		8e86b740dafc46f7bf98c5040c9b223e
179	Craft	Salvage		0			
179	RepairTargetItem	Repair		0			2ac5ddc545a848008c0308d21f5d2e6b
171	Craft	Salvage		0			
171	RepairTargetItem	Repair		0			2ac5ddc545a848008c0308d21f5d2e6b
171	Craft			0	20ad7b951cd844ebabd0071ea27c312f:1:1		8e86b740dafc46f7bf98c5040c9b223e
1171	Craft	Salvage		0			
1171	RepairTargetItem	Repair		0			2ac5ddc545a848008c0308d21f5d2e6b
421	Craft	Salvage		0			
421	RepairTargetItem	Repair		0			2ac5ddc545a848008c0308d21f5d2e6b
184	Craft	Salvage		0			
184	RepairTargetItem	Repair		0			2ac5ddc545a848008c0308d21f5d2e6b
176	Craft	Salvage		0			
176	RepairTargetItem	Repair		0			2ac5ddc545a848008c0308d21f5d2e6b
176	Craft			0	7a241c1ca1524866b86d506df7960ea7:1:1		8e86b740dafc46f7bf98c5040c9b223e
164	Craft	Salvage		0			
164	RepairTargetItem	Repair		0			2ac5ddc545a848008c0308d21f5d2e6b
164	Craft			0	7a241c1ca1524866b86d506df7960ea7:1:1		8e86b740dafc46f7bf98c5040c9b223e
155	Craft	Salvage		0			
155	RepairTargetItem	Repair		0			2ac5ddc545a848008c0308d21f5d2e6b
155	Craft			0	7a241c1ca1524866b86d506df7960ea7:1:1		8e86b740dafc46f7bf98c5040c9b223e
159	Craft	Salvage		0			
159	RepairTargetItem	Repair		0			2ac5ddc545a848008c0308d21f5d2e6b
159	Craft			0	7a241c1ca1524866b86d506df7960ea7:1:1		8e86b740dafc46f7bf98c5040c9b223e
168	Craft	Salvage		0			
168	RepairTargetItem	Repair		0			2ac5ddc545a848008c0308d21f5d2e6b
168	Craft			0	7a241c1ca1524866b86d506df7960ea7:1:1		8e86b740dafc46f7bf98c5040c9b223e
180	Craft	Salvage		0			
180	RepairTargetItem	Repair		0			2ac5ddc545a848008c0308d21f5d2e6b
172	Craft	Salvage		0			
172	RepairTargetItem	Repair		0			2ac5ddc545a848008c0308d21f5d2e6b
172	Craft			0	7a241c1ca1524866b86d506df7960ea7:1:1		8e86b740dafc46f7bf98c5040c9b223e
1156	Craft	Salvage		0			
1156	RepairTargetItem	Repair		0			2ac5ddc545a848008c0308d21f5d2e6b
1391	Craft	Salvage		0			
1391	RepairTargetItem	Repair		0			2ac5ddc545a848008c0308d21f5d2e6b
1386	Craft	Salvage		0			
1386	RepairTargetItem	Repair		0			2ac5ddc545a848008c0308d21f5d2e6b
296	Craft	Salvage		0			
153	Craft	Salvage		0			
21	Craft	Salvage		0			
1363	Craft	Salvage		0			
1486	Craft	Salvage		0			
114	Craft	Salvage		0			
1370	Craft	Salvage		0			
1380	Craft	Salvage		0			
358	Craft	Salvage		0			
349	Craft	Salvage		0			
134	Craft	Salvage		0			
5	Craft	Salvage		0			
1383	Craft	Salvage		0			
1482	Craft	Salvage		0			
1376	Craft	Salvage		0			
299	Craft	Salvage		0			
110	Craft	Salvage		0			
1038	Craft	Salvage		0			
118	Craft	Salvage		0			
476	Craft		Craft	1			
476	Craft	Salvage		0			
364	Craft	Salvage		0			
1001	Craft	Salvage		0			
1478	Craft	Salvage		0			
1378	Craft	Salvage		0			
1201	Craft	Salvage		0			
128	Craft	Salvage		0			
1025	Craft	Salvage		0			
148	Craft	Salvage		0			
22	Craft	Salvage		0			
146	Craft	Salvage		0			
147	Craft	Salvage		0			
1004	Craft	Salvage		0			
475	Craft	Salvage		0			
521	Craft	Salvage		0			
1019	Craft	Salvage		0			
1448	Craft	Salvage		0			
102	Craft	Salvage		0			
1442	Craft	Salvage		0			
302	Craft	Salvage		0			
131	Craft	Salvage		0			
486	Craft	Salvage		0			
1489	Craft	Salvage		0			
19	Craft	Salvage		0			
1028	Craft	Salvage		0			
1367	Craft	Salvage		0			
1043	Craft	Salvage		0			
124	Craft	Salvage		0			
49	Craft			0			
49	Craft			0			
1210	Craft		Craft	2			7b82c125a5a54984b8bb26576b59e977
1210	Craft		Craft	2			7b82c125a5a54984b8bb26576b59e977
32	Craft			0			
32	Craft			0			
370	Craft		Craft	2			7b82c125a5a54984b8bb26576b59e977
370	Craft		Craft	2			7b82c125a5a54984b8bb26576b59e977
370	Craft		Craft	2			7b82c125a5a54984b8bb26576b59e977
370	Craft		Craft	2			7b82c125a5a54984b8bb26576b59e977
50	Craft			0			
50	Craft			0			
51	Craft			0			
51	Craft			0			
1263	Craft			0			
1263	Craft			0			
1979	Craft		Craft	2			7b82c125a5a54984b8bb26576b59e977
1979	Craft		Craft	2			7b82c125a5a54984b8bb26576b59e977
1980	Craft		Craft	2			7b82c125a5a54984b8bb26576b59e977
1980	Craft		Craft	2			7b82c125a5a54984b8bb26576b59e977
31	Craft			0			
31	Craft			0			
1262	Craft			0			
1262	Craft			0			
369	Craft		Craft	2			7b82c125a5a54984b8bb26576b59e977
369	Craft		Craft	2			7b82c125a5a54984b8bb26576b59e977
369	Craft		Craft	2			7b82c125a5a54984b8bb26576b59e977
369	Craft		Craft	2			7b82c125a5a54984b8bb26576b59e977
1265	Craft		Craft	2			7b82c125a5a54984b8bb26576b59e977
1265	Craft		Craft	2			7b82c125a5a54984b8bb26576b59e977
1265	Craft		Craft	2			7b82c125a5a54984b8bb26576b59e977
1265	Craft		Craft	2			7b82c125a5a54984b8bb26576b59e977
52	Craft			0			
52	Craft			0			
1264	Craft			0			
1264	Craft			0			
452	Craft			0			
452	Craft			0			
1211	Craft		Craft	2			7b82c125a5a54984b8bb26576b59e977
1211	Craft		Craft	2			7b82c125a5a54984b8bb26576b59e977
450	Craft			0			
450	Craft			0			
454	Craft		Craft	2			7b82c125a5a54984b8bb26576b59e977
454	Craft		Craft	2			7b82c125a5a54984b8bb26576b59e977
454	Craft		Craft	2			7b82c125a5a54984b8bb26576b59e977
454	Craft		Craft	2			7b82c125a5a54984b8bb26576b59e977
453	Craft			0			
453	Craft			0			
321	Craft			0			
321	Craft			0			
1987	Craft			0			
1987	Craft			0			
1981	Craft		Craft	2			7b82c125a5a54984b8bb26576b59e977
1981	Craft		Craft	2			7b82c125a5a54984b8bb26576b59e977
1982	Craft		Craft	2			7b82c125a5a54984b8bb26576b59e977
1982	Craft		Craft	2			7b82c125a5a54984b8bb26576b59e977
319	Craft			0			
319	Craft			0			
1988	Craft			0			
1988	Craft			0			
376	Craft		Craft	2			7b82c125a5a54984b8bb26576b59e977
376	Craft		Craft	2			7b82c125a5a54984b8bb26576b59e977
376	Craft		Craft	2			7b82c125a5a54984b8bb26576b59e977
376	Craft		Craft	2			7b82c125a5a54984b8bb26576b59e977
1990	Craft		Craft	2			7b82c125a5a54984b8bb26576b59e977
1990	Craft		Craft	2			7b82c125a5a54984b8bb26576b59e977
1990	Craft		Craft	2			7b82c125a5a54984b8bb26576b59e977
1990	Craft		Craft	2			7b82c125a5a54984b8bb26576b59e977
320	Craft			0			
320	Craft			0			
1989	Craft			0			
1989	Craft			0			
53	Craft			0			
53	Craft			0			
1212	Craft		Craft	2			7b82c125a5a54984b8bb26576b59e977
1212	Craft		Craft	2			7b82c125a5a54984b8bb26576b59e977
36	Craft			0			
36	Craft			0			
374	Craft		Craft	2			7b82c125a5a54984b8bb26576b59e977
374	Craft		Craft	2			7b82c125a5a54984b8bb26576b59e977
374	Craft		Craft	2			7b82c125a5a54984b8bb26576b59e977
374	Craft		Craft	2			7b82c125a5a54984b8bb26576b59e977
54	Craft			0			
54	Craft			0			
447	Craft			0			
447	Craft			0			
1213	Craft		Craft	2			7b82c125a5a54984b8bb26576b59e977
1213	Craft		Craft	2			7b82c125a5a54984b8bb26576b59e977
443	Craft			0			
443	Craft			0			
449	Craft		Craft	2			7b82c125a5a54984b8bb26576b59e977
449	Craft		Craft	2			7b82c125a5a54984b8bb26576b59e977
449	Craft		Craft	2			7b82c125a5a54984b8bb26576b59e977
449	Craft		Craft	2			7b82c125a5a54984b8bb26576b59e977
448	Craft			0			
448	Craft			0			
444	Craft			0			
444	Craft			0			
1214	Craft		Craft	2			7b82c125a5a54984b8bb26576b59e977
1214	Craft		Craft	2			7b82c125a5a54984b8bb26576b59e977
442	Craft			0			
442	Craft			0			
446	Craft		Craft	2			7b82c125a5a54984b8bb26576b59e977
446	Craft		Craft	2			7b82c125a5a54984b8bb26576b59e977
446	Craft		Craft	2			7b82c125a5a54984b8bb26576b59e977
446	Craft		Craft	2			7b82c125a5a54984b8bb26576b59e977
445	Craft			0			
445	Craft			0			
323	Craft			0			
323	Craft			0			
1983	Craft		Craft	2			7b82c125a5a54984b8bb26576b59e977
1983	Craft		Craft	2			7b82c125a5a54984b8bb26576b59e977
322	Craft			0			
322	Craft			0			
377	Craft		Craft	2			7b82c125a5a54984b8bb26576b59e977
377	Craft		Craft	2			7b82c125a5a54984b8bb26576b59e977
377	Craft		Craft	2			7b82c125a5a54984b8bb26576b59e977
377	Craft		Craft	2			7b82c125a5a54984b8bb26576b59e977
324	Craft			0			
324	Craft			0			
55	Craft			0			
55	Craft			0			
1267	Craft			0			
1267	Craft			0			
1984	Craft		Craft	2			7b82c125a5a54984b8bb26576b59e977
1984	Craft		Craft	2			7b82c125a5a54984b8bb26576b59e977
1985	Craft		Craft	2			7b82c125a5a54984b8bb26576b59e977
1985	Craft		Craft	2			7b82c125a5a54984b8bb26576b59e977
35	Craft			0			
35	Craft			0			
1266	Craft			0			
1266	Craft			0			
373	Craft		Craft	2			7b82c125a5a54984b8bb26576b59e977
373	Craft		Craft	2			7b82c125a5a54984b8bb26576b59e977
373	Craft		Craft	2			7b82c125a5a54984b8bb26576b59e977
373	Craft		Craft	2			7b82c125a5a54984b8bb26576b59e977
1269	Craft		Craft	2			7b82c125a5a54984b8bb26576b59e977
1269	Craft		Craft	2			7b82c125a5a54984b8bb26576b59e977
1269	Craft		Craft	2			7b82c125a5a54984b8bb26576b59e977
1269	Craft		Craft	2			7b82c125a5a54984b8bb26576b59e977
56	Craft			0			
56	Craft			0			
1268	Craft			0			
1268	Craft			0			
318	Craft			0			
318	Craft			0			
1986	Craft		Craft	2			7b82c125a5a54984b8bb26576b59e977
1986	Craft		Craft	2			7b82c125a5a54984b8bb26576b59e977
316	Craft			0			
316	Craft			0			
375	Craft		Craft	2			7b82c125a5a54984b8bb26576b59e977
375	Craft		Craft	2			7b82c125a5a54984b8bb26576b59e977
375	Craft		Craft	2			7b82c125a5a54984b8bb26576b59e977
375	Craft		Craft	2			7b82c125a5a54984b8bb26576b59e977
317	Craft			0			
317	Craft			0			
57	Craft			0			
57	Craft			0			
1215	Craft		Craft	2			7b82c125a5a54984b8bb26576b59e977
1215	Craft		Craft	2			7b82c125a5a54984b8bb26576b59e977
33	Craft			0			
33	Craft			0			
371	Craft		Craft	2			7b82c125a5a54984b8bb26576b59e977
371	Craft		Craft	2			7b82c125a5a54984b8bb26576b59e977
371	Craft		Craft	2			7b82c125a5a54984b8bb26576b59e977
371	Craft		Craft	2			7b82c125a5a54984b8bb26576b59e977
58	Craft			0			
58	Craft			0			
1415	Craft			0			
1415	Craft			0			
1418	Craft		Craft	2			7b82c125a5a54984b8bb26576b59e977
1418	Craft		Craft	2			7b82c125a5a54984b8bb26576b59e977
1414	Craft			0			
1414	Craft			0			
1417	Craft		Craft	2			7b82c125a5a54984b8bb26576b59e977
1417	Craft		Craft	2			7b82c125a5a54984b8bb26576b59e977
1417	Craft		Craft	2			7b82c125a5a54984b8bb26576b59e977
1417	Craft		Craft	2			7b82c125a5a54984b8bb26576b59e977
1416	Craft			0			
1416	Craft			0			
59	Craft			0			
59	Craft			0			
1216	Craft		Craft	2			7b82c125a5a54984b8bb26576b59e977
1216	Craft		Craft	2			7b82c125a5a54984b8bb26576b59e977
34	Craft			0			
34	Craft			0			
372	Craft		Craft	2			7b82c125a5a54984b8bb26576b59e977
372	Craft		Craft	2			7b82c125a5a54984b8bb26576b59e977
372	Craft		Craft	2			7b82c125a5a54984b8bb26576b59e977
372	Craft		Craft	2			7b82c125a5a54984b8bb26576b59e977
60	Craft			0			
60	Craft			0			
285	Craft			0	21ede8ebffb14c5580e8c7ad149e335e:1:1|5830b84bf8074caa91cf3f4dde0dd19e:1:0		
285	Craft			0	ebb61f2e64f24351a6ab905b5516060b:1:1|5830b84bf8074caa91cf3f4dde0dd19e:1:0		
1930	Craft			0			192e071c94d1419b991a430d42fe2be3
74	Craft			0			192e071c94d1419b991a430d42fe2be3
72	Craft			0			
72	Craft	Salvage		0			
44	FillTargetItem			0			
66	Craft			0			
1192	FillTargetItem			0			
43	FillTargetItem			0			
1056	Craft	Salvage		0			
1052	Craft	Salvage		0			
1055	Craft	Salvage		0			
1057	Craft	Salvage		0			
1053	Craft	Salvage		0			
1051	Craft	Salvage		0			
1054	Craft	Salvage		0			
71	Craft			0			
71	Craft	Salvage		0			
62	Craft			0	ccfd125a44cf487fbd3d471f15a854af:1:1|fd6bee4579884ee9ad0b729baf423ab1:1:0		
62	Craft			0			
61	Craft			0	94f9c6aa09c249dfbce4f195c0271b9c:1:1|fd6bee4579884ee9ad0b729baf423ab1:1:0		
61	Craft			0			
63	Craft			0	86bf08032a5147f9871e362e40812771:1:1|fd6bee4579884ee9ad0b729baf423ab1:1:0		
63	Craft			0			
1193	FillTargetItem			0			
119	FillTargetItem			0			
64	Craft			0			
64	Craft			0			
67	Craft			0			
67	Craft			0	656f319d2d194813b390edc6edd8a697:2:1|5830b84bf8074caa91cf3f4dde0dd19e:1:0		
68	Craft			0			
38	Craft			0	5a3c4302400e400b9b9486fbb5178eca:1:1|fd6bee4579884ee9ad0b729baf423ab1:1:0		
40	Craft			0	e73a23b102f24520a32ec0b2afaa6157:1:1|fd6bee4579884ee9ad0b729baf423ab1:1:0		
42	Craft			0	719bfdf2c2dc4be6ad5be44d044583e4:1:1|fd6bee4579884ee9ad0b729baf423ab1:1:0		
1950	Craft		Cook	1			20f30322bbcc4b01a4f116d22b24c21a|68816064e2ce44839c3f35da55033cba
69	Craft			0			
69	Craft			0			
69	Craft	Salvage		0			
65	Craft			0	656f319d2d194813b390edc6edd8a697:3:1|5830b84bf8074caa91cf3f4dde0dd19e:1:0		
1007	Craft	Salvage		0			
1438	Craft	Salvage		0			
1438	Craft		Craft	2	7f06b16642724683bd61584a52fde981:4:1|4d6b717fd0ce44fc874d7d2e58044a03:1:0		7b82c125a5a54984b8bb26576b59e977
1008	Craft	Salvage		0			
151	Craft	Salvage		0			
152	Craft	Salvage		0			
1100	Craft		Craft	2			99896da563a748148460c67b9962874f
1100	Craft	Salvage	Craft	2			
255	Craft			0			
255	Craft	Salvage	Craft	2			
256	Craft			0			
256	Craft	Salvage	Craft	2			
257	Craft			0			
257	Craft	Salvage	Craft	2			
258	Craft			0			
258	Craft	Salvage	Craft	2			
259	Craft			0			
259	Craft	Salvage	Craft	2			
260	Craft			0			
260	Craft	Salvage	Craft	2			
1346	Craft	Salvage		0			
254	Craft	Salvage	Craft	2			
1838	Craft		Craft	2			99896da563a748148460c67b9962874f
1838	Craft			0			
1838	Craft	Salvage	Craft	2			
1242	Craft		Craft	1			99896da563a748148460c67b9962874f
1242	Craft	Salvage	Craft	2			
1520	Craft		Craft	2			99896da563a748148460c67b9962874f
1520	Craft	Salvage	Craft	2			
261	Craft	Salvage		0			
262	Craft	Salvage		0			
263	Craft	Salvage		0			
264	Craft	Salvage		0			
265	Craft	Salvage		0			
266	Craft	Salvage		0			
267	Craft	Salvage		0			
268	Craft	Salvage		0			
1450	Craft	Salvage		0			
277	Craft	Salvage		0			
1353	Craft	Salvage		0			
1764	Craft	Salvage		0			
1764	Craft			0			
1507	Craft	Salvage		0			
1451	Craft	Salvage		0			
1843	Craft	Salvage		0			
1841	Craft	Salvage		0			
1856	Craft	Salvage		0			
1857	Craft	Salvage		0			
1858	Craft	Salvage		0			
1859	Craft	Salvage		0			
1860	Craft	Salvage		0			
1861	Craft	Salvage		0			
1862	Craft	Salvage		0			
1863	Craft	Salvage		0			
1854	Craft	Salvage		0			
1846	Craft	Salvage		0			
1864	Craft	Salvage		0			
1850	Craft	Salvage		0			
1853	Craft	Salvage		0			
1848	Craft	Salvage		0			
1845	Craft	Salvage		0			
1866	Craft	Salvage		0			
1852	Craft	Salvage		0			
1847	Craft	Salvage		0			
1844	Craft	Salvage		0			
1865	Craft	Salvage		0			
1851	Craft	Salvage		0			
1849	Craft	Salvage		0			
1840	Craft	Salvage		0			
1873	Craft	Salvage		0			
1874	Craft	Salvage		0			
1875	Craft	Salvage		0			
1876	Craft	Salvage		0			
1855	Craft	Salvage		0			
1842	Craft	Salvage		0			
1877	Craft	Salvage		0			
1445	Craft	Salvage		0			
1425	Craft	Salvage		0			
1425	RepairTargetItem	Repair		0			2ac5ddc545a848008c0308d21f5d2e6b
238	Craft	Salvage		0			
238	RepairTargetItem	Repair		0			2ac5ddc545a848008c0308d21f5d2e6b
1514	Craft	Salvage		0			
1514	RepairTargetItem	Repair		0			2ac5ddc545a848008c0308d21f5d2e6b
1495	Craft	Salvage		0			
1495	RepairTargetItem	Repair		0			2ac5ddc545a848008c0308d21f5d2e6b
1357	Craft	Salvage		0			
1357	RepairTargetItem	Repair		0			2ac5ddc545a848008c0308d21f5d2e6b
1173	Craft			0			2ac5ddc545a848008c0308d21f5d2e6b
1173	RepairTargetItem	Repair		0			
1173	Craft	Salvage		0			
1518	Craft	Salvage		0			
1518	RepairTargetItem	Repair		0			2ac5ddc545a848008c0308d21f5d2e6b
1013	Craft	Salvage		0			
1013	RepairTargetItem	Repair		0			2ac5ddc545a848008c0308d21f5d2e6b
310	Craft	Salvage		0			
310	RepairTargetItem	Repair		0			2ac5ddc545a848008c0308d21f5d2e6b
1336	Craft	Salvage		0			
1336	RepairTargetItem	Repair		0			2ac5ddc545a848008c0308d21f5d2e6b
410	Craft	Salvage		0			
410	RepairTargetItem	Repair		0			2ac5ddc545a848008c0308d21f5d2e6b
411	Craft	Salvage		0			
411	RepairTargetItem	Repair		0			2ac5ddc545a848008c0308d21f5d2e6b
411	Craft			0	4faf6bed8a7344ec8f6cdcd961a24ac0:1:1		8e86b740dafc46f7bf98c5040c9b223e
412	Craft	Salvage		0			
412	RepairTargetItem	Repair		0			2ac5ddc545a848008c0308d21f5d2e6b
412	Craft			0	4faf6bed8a7344ec8f6cdcd961a24ac0:1:1		8e86b740dafc46f7bf98c5040c9b223e
413	Craft	Salvage		0			
413	RepairTargetItem	Repair		0			2ac5ddc545a848008c0308d21f5d2e6b
413	Craft			0	4faf6bed8a7344ec8f6cdcd961a24ac0:1:1		8e86b740dafc46f7bf98c5040c9b223e
414	Craft	Salvage		0			
414	RepairTargetItem	Repair		0			2ac5ddc545a848008c0308d21f5d2e6b
414	Craft			0	4faf6bed8a7344ec8f6cdcd961a24ac0:1:1		8e86b740dafc46f7bf98c5040c9b223e
415	Craft	Salvage		0			
415	RepairTargetItem	Repair		0			2ac5ddc545a848008c0308d21f5d2e6b
415	Craft			0	4faf6bed8a7344ec8f6cdcd961a24ac0:1:1		8e86b740dafc46f7bf98c5040c9b223e
416	Craft	Salvage		0			
416	RepairTargetItem	Repair		0			2ac5ddc545a848008c0308d21f5d2e6b
417	Craft	Salvage		0			
417	RepairTargetItem	Repair		0			2ac5ddc545a848008c0308d21f5d2e6b
417	Craft			0	4faf6bed8a7344ec8f6cdcd961a24ac0:1:1		8e86b740dafc46f7bf98c5040c9b223e
1133	Craft	Salvage		0			
1133	RepairTargetItem	Repair		0			2ac5ddc545a848008c0308d21f5d2e6b
1134	Craft	Salvage		0			
1134	RepairTargetItem	Repair		0			2ac5ddc545a848008c0308d21f5d2e6b
1134	Craft			0	ff2fdaf9402e48ef85ca5e31a417dcc5:1:1		8e86b740dafc46f7bf98c5040c9b223e
1135	Craft	Salvage		0			
1135	RepairTargetItem	Repair		0			2ac5ddc545a848008c0308d21f5d2e6b
1135	Craft			0	ff2fdaf9402e48ef85ca5e31a417dcc5:1:1		8e86b740dafc46f7bf98c5040c9b223e
1136	Craft	Salvage		0			
1136	RepairTargetItem	Repair		0			2ac5ddc545a848008c0308d21f5d2e6b
1136	Craft			0	ff2fdaf9402e48ef85ca5e31a417dcc5:1:1		8e86b740dafc46f7bf98c5040c9b223e
1137	Craft	Salvage		0			
1137	RepairTargetItem	Repair		0			2ac5ddc545a848008c0308d21f5d2e6b
1137	Craft			0	ff2fdaf9402e48ef85ca5e31a417dcc5:1:1		8e86b740dafc46f7bf98c5040c9b223e
1138	Craft	Salvage		0			
1138	RepairTargetItem	Repair		0			2ac5ddc545a848008c0308d21f5d2e6b
1138	Craft			0	ff2fdaf9402e48ef85ca5e31a417dcc5:1:1		8e86b740dafc46f7bf98c5040c9b223e
1139	Craft	Salvage		0			
1139	RepairTargetItem	Repair		0			2ac5ddc545a848008c0308d21f5d2e6b
1140	Craft	Salvage		0			
1140	RepairTargetItem	Repair		0			2ac5ddc545a848008c0308d21f5d2e6b
1140	Craft			0	ff2fdaf9402e48ef85ca5e31a417dcc5:1:1		8e86b740dafc46f7bf98c5040c9b223e
215	Craft	Salvage		0			
215	RepairTargetItem	Repair		0			2ac5ddc545a848008c0308d21f5d2e6b
216	Craft	Salvage		0			
216	RepairTargetItem	Repair		0			2ac5ddc545a848008c0308d21f5d2e6b
216	Craft			0	006f11eb53e14655b159db86925465d6:1:1		8e86b740dafc46f7bf98c5040c9b223e
217	Craft	Salvage		0			
217	RepairTargetItem	Repair		0			2ac5ddc545a848008c0308d21f5d2e6b
217	Craft			0	006f11eb53e14655b159db86925465d6:1:1		8e86b740dafc46f7bf98c5040c9b223e
218	Craft	Salvage		0			
218	RepairTargetItem	Repair		0			2ac5ddc545a848008c0308d21f5d2e6b
218	Craft			0	006f11eb53e14655b159db86925465d6:1:1		8e86b740dafc46f7bf98c5040c9b223e
219	Craft	Salvage		0			
219	RepairTargetItem	Repair		0			2ac5ddc545a848008c0308d21f5d2e6b
219	Craft			0	006f11eb53e14655b159db86925465d6:1:1		8e86b740dafc46f7bf98c5040c9b223e
220	Craft	Salvage		0			
220	RepairTargetItem	Repair		0			2ac5ddc545a848008c0308d21f5d2e6b
220	Craft			0	006f11eb53e14655b159db86925465d6:1:1		8e86b740dafc46f7bf98c5040c9b223e
221	Craft	Salvage		0			
221	RepairTargetItem	Repair		0			2ac5ddc545a848008c0308d21f5d2e6b
222	Craft	Salvage		0			
222	RepairTargetItem	Repair		0			2ac5ddc545a848008c0308d21f5d2e6b
222	Craft			0	006f11eb53e14655b159db86925465d6:1:1		8e86b740dafc46f7bf98c5040c9b223e
1168	Craft	Salvage		0			
1168	RepairTargetItem	Repair		0			2ac5ddc545a848008c0308d21f5d2e6b
10	Craft	Salvage		0			
10	RepairTargetItem	Repair		0			2ac5ddc545a848008c0308d21f5d2e6b
1169	Craft	Salvage		0			
1169	RepairTargetItem	Repair		0			2ac5ddc545a848008c0308d21f5d2e6b
94	RepairTargetItem	Repair		0			
472	RepairTargetItem	Repair		0			
93	RepairTargetItem	Repair		0			
473	RepairTargetItem	Repair		0			
14	RepairTargetItem	Repair		0			
462	RepairTargetItem	Repair		0			
463	RepairTargetItem	Repair		0			
80	RepairTargetItem	Repair		0			
465	RepairTargetItem	Repair		0			
397	Craft			0			
572	Craft			0			
398	Craft			0			
399	Craft			0			
396	Craft			0			
400	Craft			0			
401	Craft			0			
402	Craft			0			
70	Craft	Salvage	Craft	2			
91	RepairTargetItem	Repair		0			
92	RepairTargetItem	Repair		0			
1159	RepairTargetItem	Repair		0			
